<?xml version="1.0" encoding="UTF-8"?>
<kml xmlns="http://www.opengis.net/kml/2.2">
  <Document>
    <name>Productive area</name>
    <Style id="poly-7CB342-1200-77-nodesc-normal">
      <LineStyle>
        <color>ff42b37c</color>
        <width>1.2</width>
      </LineStyle>
      <PolyStyle>
        <color>4d42b37c</color>
        <fill>1</fill>
        <outline>1</outline>
      </PolyStyle>
      <BalloonStyle>
        <text><![CDATA[<h3>$[name]</h3>]]></text>
      </BalloonStyle>
    </Style>
    <Style id="poly-7CB342-1200-77-nodesc-highlight">
      <LineStyle>
        <color>ff42b37c</color>
        <width>1.8</width>
      </LineStyle>
      <PolyStyle>
        <color>4d42b37c</color>
        <fill>1</fill>
        <outline>1</outline>
      </PolyStyle>
      <BalloonStyle>
        <text><![CDATA[<h3>$[name]</h3>]]></text>
      </BalloonStyle>
    </Style>
    <StyleMap id="poly-7CB342-1200-77-nodesc">
      <Pair>
        <key>normal</key>
        <styleUrl>#poly-7CB342-1200-77-nodesc-normal</styleUrl>
      </Pair>
      <Pair>
        <key>highlight</key>
        <styleUrl>#poly-7CB342-1200-77-nodesc-highlight</styleUrl>
      </Pair>
    </StyleMap>
    <Style id="poly-7CB342-1801-74-nodesc-normal">
      <LineStyle>
        <color>ff42b37c</color>
        <width>1.801</width>
      </LineStyle>
      <PolyStyle>
        <color>4a42b37c</color>
        <fill>1</fill>
        <outline>1</outline>
      </PolyStyle>
      <BalloonStyle>
        <text><![CDATA[<h3>$[name]</h3>]]></text>
      </BalloonStyle>
    </Style>
    <Style id="poly-7CB342-1801-74-nodesc-highlight">
      <LineStyle>
        <color>ff42b37c</color>
        <width>2.7015</width>
      </LineStyle>
      <PolyStyle>
        <color>4a42b37c</color>
        <fill>1</fill>
        <outline>1</outline>
      </PolyStyle>
      <BalloonStyle>
        <text><![CDATA[<h3>$[name]</h3>]]></text>
      </BalloonStyle>
    </Style>
    <StyleMap id="poly-7CB342-1801-74-nodesc">
      <Pair>
        <key>normal</key>
        <styleUrl>#poly-7CB342-1801-74-nodesc-normal</styleUrl>
      </Pair>
      <Pair>
        <key>highlight</key>
        <styleUrl>#poly-7CB342-1801-74-nodesc-highlight</styleUrl>
      </Pair>
    </StyleMap>
    <Style id="poly-7CB342-1801-77-nodesc-normal">
      <LineStyle>
        <color>ff42b37c</color>
        <width>1.801</width>
      </LineStyle>
      <PolyStyle>
        <color>4d42b37c</color>
        <fill>1</fill>
        <outline>1</outline>
      </PolyStyle>
      <BalloonStyle>
        <text><![CDATA[<h3>$[name]</h3>]]></text>
      </BalloonStyle>
    </Style>
    <Style id="poly-7CB342-1801-77-nodesc-highlight">
      <LineStyle>
        <color>ff42b37c</color>
        <width>2.7015</width>
      </LineStyle>
      <PolyStyle>
        <color>4d42b37c</color>
        <fill>1</fill>
        <outline>1</outline>
      </PolyStyle>
      <BalloonStyle>
        <text><![CDATA[<h3>$[name]</h3>]]></text>
      </BalloonStyle>
    </Style>
    <StyleMap id="poly-7CB342-1801-77-nodesc">
      <Pair>
        <key>normal</key>
        <styleUrl>#poly-7CB342-1801-77-nodesc-normal</styleUrl>
      </Pair>
      <Pair>
        <key>highlight</key>
        <styleUrl>#poly-7CB342-1801-77-nodesc-highlight</styleUrl>
      </Pair>
    </StyleMap>
    <Style id="poly-7CB342-1901-77-nodesc-normal">
      <LineStyle>
        <color>ff42b37c</color>
        <width>1.901</width>
      </LineStyle>
      <PolyStyle>
        <color>4d42b37c</color>
        <fill>1</fill>
        <outline>1</outline>
      </PolyStyle>
      <BalloonStyle>
        <text><![CDATA[<h3>$[name]</h3>]]></text>
      </BalloonStyle>
    </Style>
    <Style id="poly-7CB342-1901-77-nodesc-highlight">
      <LineStyle>
        <color>ff42b37c</color>
        <width>2.8515</width>
      </LineStyle>
      <PolyStyle>
        <color>4d42b37c</color>
        <fill>1</fill>
        <outline>1</outline>
      </PolyStyle>
      <BalloonStyle>
        <text><![CDATA[<h3>$[name]</h3>]]></text>
      </BalloonStyle>
    </Style>
    <StyleMap id="poly-7CB342-1901-77-nodesc">
      <Pair>
        <key>normal</key>
        <styleUrl>#poly-7CB342-1901-77-nodesc-normal</styleUrl>
      </Pair>
      <Pair>
        <key>highlight</key>
        <styleUrl>#poly-7CB342-1901-77-nodesc-highlight</styleUrl>
      </Pair>
    </StyleMap>
    <Style id="poly-7CB342-2000-74-nodesc-normal">
      <LineStyle>
        <color>ff42b37c</color>
        <width>2</width>
      </LineStyle>
      <PolyStyle>
        <color>4a42b37c</color>
        <fill>1</fill>
        <outline>1</outline>
      </PolyStyle>
      <BalloonStyle>
        <text><![CDATA[<h3>$[name]</h3>]]></text>
      </BalloonStyle>
    </Style>
    <Style id="poly-7CB342-2000-74-nodesc-highlight">
      <LineStyle>
        <color>ff42b37c</color>
        <width>3</width>
      </LineStyle>
      <PolyStyle>
        <color>4a42b37c</color>
        <fill>1</fill>
        <outline>1</outline>
      </PolyStyle>
      <BalloonStyle>
        <text><![CDATA[<h3>$[name]</h3>]]></text>
      </BalloonStyle>
    </Style>
    <StyleMap id="poly-7CB342-2000-74-nodesc">
      <Pair>
        <key>normal</key>
        <styleUrl>#poly-7CB342-2000-74-nodesc-normal</styleUrl>
      </Pair>
      <Pair>
        <key>highlight</key>
        <styleUrl>#poly-7CB342-2000-74-nodesc-highlight</styleUrl>
      </Pair>
    </StyleMap>
    <Style id="poly-7CB342-2000-77-nodesc-normal">
      <LineStyle>
        <color>ff42b37c</color>
        <width>2</width>
      </LineStyle>
      <PolyStyle>
        <color>4d42b37c</color>
        <fill>1</fill>
        <outline>1</outline>
      </PolyStyle>
      <BalloonStyle>
        <text><![CDATA[<h3>$[name]</h3>]]></text>
      </BalloonStyle>
    </Style>
    <Style id="poly-7CB342-2000-77-nodesc-highlight">
      <LineStyle>
        <color>ff42b37c</color>
        <width>3</width>
      </LineStyle>
      <PolyStyle>
        <color>4d42b37c</color>
        <fill>1</fill>
        <outline>1</outline>
      </PolyStyle>
      <BalloonStyle>
        <text><![CDATA[<h3>$[name]</h3>]]></text>
      </BalloonStyle>
    </Style>
    <StyleMap id="poly-7CB342-2000-77-nodesc">
      <Pair>
        <key>normal</key>
        <styleUrl>#poly-7CB342-2000-77-nodesc-normal</styleUrl>
      </Pair>
      <Pair>
        <key>highlight</key>
        <styleUrl>#poly-7CB342-2000-77-nodesc-highlight</styleUrl>
      </Pair>
    </StyleMap>
    <Style id="poly-7CB342-2000-79-nodesc-normal">
      <LineStyle>
        <color>ff42b37c</color>
        <width>2</width>
      </LineStyle>
      <PolyStyle>
        <color>4f42b37c</color>
        <fill>1</fill>
        <outline>1</outline>
      </PolyStyle>
      <BalloonStyle>
        <text><![CDATA[<h3>$[name]</h3>]]></text>
      </BalloonStyle>
    </Style>
    <Style id="poly-7CB342-2000-79-nodesc-highlight">
      <LineStyle>
        <color>ff42b37c</color>
        <width>3</width>
      </LineStyle>
      <PolyStyle>
        <color>4f42b37c</color>
        <fill>1</fill>
        <outline>1</outline>
      </PolyStyle>
      <BalloonStyle>
        <text><![CDATA[<h3>$[name]</h3>]]></text>
      </BalloonStyle>
    </Style>
    <StyleMap id="poly-7CB342-2000-79-nodesc">
      <Pair>
        <key>normal</key>
        <styleUrl>#poly-7CB342-2000-79-nodesc-normal</styleUrl>
      </Pair>
      <Pair>
        <key>highlight</key>
        <styleUrl>#poly-7CB342-2000-79-nodesc-highlight</styleUrl>
      </Pair>
    </StyleMap>
    <Style id="poly-7CB342-2000-82-nodesc-normal">
      <LineStyle>
        <color>ff42b37c</color>
        <width>2</width>
      </LineStyle>
      <PolyStyle>
        <color>5242b37c</color>
        <fill>1</fill>
        <outline>1</outline>
      </PolyStyle>
      <BalloonStyle>
        <text><![CDATA[<h3>$[name]</h3>]]></text>
      </BalloonStyle>
    </Style>
    <Style id="poly-7CB342-2000-82-nodesc-highlight">
      <LineStyle>
        <color>ff42b37c</color>
        <width>3</width>
      </LineStyle>
      <PolyStyle>
        <color>5242b37c</color>
        <fill>1</fill>
        <outline>1</outline>
      </PolyStyle>
      <BalloonStyle>
        <text><![CDATA[<h3>$[name]</h3>]]></text>
      </BalloonStyle>
    </Style>
    <StyleMap id="poly-7CB342-2000-82-nodesc">
      <Pair>
        <key>normal</key>
        <styleUrl>#poly-7CB342-2000-82-nodesc-normal</styleUrl>
      </Pair>
      <Pair>
        <key>highlight</key>
        <styleUrl>#poly-7CB342-2000-82-nodesc-highlight</styleUrl>
      </Pair>
    </StyleMap>
    <Style id="poly-7CB342-2001-69-nodesc-normal">
      <LineStyle>
        <color>ff42b37c</color>
        <width>2.001</width>
      </LineStyle>
      <PolyStyle>
        <color>4542b37c</color>
        <fill>1</fill>
        <outline>1</outline>
      </PolyStyle>
      <BalloonStyle>
        <text><![CDATA[<h3>$[name]</h3>]]></text>
      </BalloonStyle>
    </Style>
    <Style id="poly-7CB342-2001-69-nodesc-highlight">
      <LineStyle>
        <color>ff42b37c</color>
        <width>3.0015</width>
      </LineStyle>
      <PolyStyle>
        <color>4542b37c</color>
        <fill>1</fill>
        <outline>1</outline>
      </PolyStyle>
      <BalloonStyle>
        <text><![CDATA[<h3>$[name]</h3>]]></text>
      </BalloonStyle>
    </Style>
    <StyleMap id="poly-7CB342-2001-69-nodesc">
      <Pair>
        <key>normal</key>
        <styleUrl>#poly-7CB342-2001-69-nodesc-normal</styleUrl>
      </Pair>
      <Pair>
        <key>highlight</key>
        <styleUrl>#poly-7CB342-2001-69-nodesc-highlight</styleUrl>
      </Pair>
    </StyleMap>
    <Style id="poly-7CB342-2001-71-nodesc-normal">
      <LineStyle>
        <color>ff42b37c</color>
        <width>2.001</width>
      </LineStyle>
      <PolyStyle>
        <color>4742b37c</color>
        <fill>1</fill>
        <outline>1</outline>
      </PolyStyle>
      <BalloonStyle>
        <text><![CDATA[<h3>$[name]</h3>]]></text>
      </BalloonStyle>
    </Style>
    <Style id="poly-7CB342-2001-71-nodesc-highlight">
      <LineStyle>
        <color>ff42b37c</color>
        <width>3.0015</width>
      </LineStyle>
      <PolyStyle>
        <color>4742b37c</color>
        <fill>1</fill>
        <outline>1</outline>
      </PolyStyle>
      <BalloonStyle>
        <text><![CDATA[<h3>$[name]</h3>]]></text>
      </BalloonStyle>
    </Style>
    <StyleMap id="poly-7CB342-2001-71-nodesc">
      <Pair>
        <key>normal</key>
        <styleUrl>#poly-7CB342-2001-71-nodesc-normal</styleUrl>
      </Pair>
      <Pair>
        <key>highlight</key>
        <styleUrl>#poly-7CB342-2001-71-nodesc-highlight</styleUrl>
      </Pair>
    </StyleMap>
    <Style id="poly-7CB342-2001-77-nodesc-normal">
      <LineStyle>
        <color>ff42b37c</color>
        <width>2.001</width>
      </LineStyle>
      <PolyStyle>
        <color>4d42b37c</color>
        <fill>1</fill>
        <outline>1</outline>
      </PolyStyle>
      <BalloonStyle>
        <text><![CDATA[<h3>$[name]</h3>]]></text>
      </BalloonStyle>
    </Style>
    <Style id="poly-7CB342-2001-77-nodesc-highlight">
      <LineStyle>
        <color>ff42b37c</color>
        <width>3.0015</width>
      </LineStyle>
      <PolyStyle>
        <color>4d42b37c</color>
        <fill>1</fill>
        <outline>1</outline>
      </PolyStyle>
      <BalloonStyle>
        <text><![CDATA[<h3>$[name]</h3>]]></text>
      </BalloonStyle>
    </Style>
    <StyleMap id="poly-7CB342-2001-77-nodesc">
      <Pair>
        <key>normal</key>
        <styleUrl>#poly-7CB342-2001-77-nodesc-normal</styleUrl>
      </Pair>
      <Pair>
        <key>highlight</key>
        <styleUrl>#poly-7CB342-2001-77-nodesc-highlight</styleUrl>
      </Pair>
    </StyleMap>
    <Style id="poly-7CB342-2101-77-nodesc-normal">
      <LineStyle>
        <color>ff42b37c</color>
        <width>2.101</width>
      </LineStyle>
      <PolyStyle>
        <color>4d42b37c</color>
        <fill>1</fill>
        <outline>1</outline>
      </PolyStyle>
      <BalloonStyle>
        <text><![CDATA[<h3>$[name]</h3>]]></text>
      </BalloonStyle>
    </Style>
    <Style id="poly-7CB342-2101-77-nodesc-highlight">
      <LineStyle>
        <color>ff42b37c</color>
        <width>3.1515</width>
      </LineStyle>
      <PolyStyle>
        <color>4d42b37c</color>
        <fill>1</fill>
        <outline>1</outline>
      </PolyStyle>
      <BalloonStyle>
        <text><![CDATA[<h3>$[name]</h3>]]></text>
      </BalloonStyle>
    </Style>
    <StyleMap id="poly-7CB342-2101-77-nodesc">
      <Pair>
        <key>normal</key>
        <styleUrl>#poly-7CB342-2101-77-nodesc-normal</styleUrl>
      </Pair>
      <Pair>
        <key>highlight</key>
        <styleUrl>#poly-7CB342-2101-77-nodesc-highlight</styleUrl>
      </Pair>
    </StyleMap>
    <Style id="poly-7CB342-2112-77-nodesc-normal">
      <LineStyle>
        <color>ff42b37c</color>
        <width>2.112</width>
      </LineStyle>
      <PolyStyle>
        <color>4d42b37c</color>
        <fill>1</fill>
        <outline>1</outline>
      </PolyStyle>
      <BalloonStyle>
        <text><![CDATA[<h3>$[name]</h3>]]></text>
      </BalloonStyle>
    </Style>
    <Style id="poly-7CB342-2112-77-nodesc-highlight">
      <LineStyle>
        <color>ff42b37c</color>
        <width>3.168</width>
      </LineStyle>
      <PolyStyle>
        <color>4d42b37c</color>
        <fill>1</fill>
        <outline>1</outline>
      </PolyStyle>
      <BalloonStyle>
        <text><![CDATA[<h3>$[name]</h3>]]></text>
      </BalloonStyle>
    </Style>
    <StyleMap id="poly-7CB342-2112-77-nodesc">
      <Pair>
        <key>normal</key>
        <styleUrl>#poly-7CB342-2112-77-nodesc-normal</styleUrl>
      </Pair>
      <Pair>
        <key>highlight</key>
        <styleUrl>#poly-7CB342-2112-77-nodesc-highlight</styleUrl>
      </Pair>
    </StyleMap>
    <Style id="poly-7CB342-2201-71-nodesc-normal">
      <LineStyle>
        <color>ff42b37c</color>
        <width>2.201</width>
      </LineStyle>
      <PolyStyle>
        <color>4742b37c</color>
        <fill>1</fill>
        <outline>1</outline>
      </PolyStyle>
      <BalloonStyle>
        <text><![CDATA[<h3>$[name]</h3>]]></text>
      </BalloonStyle>
    </Style>
    <Style id="poly-7CB342-2201-71-nodesc-highlight">
      <LineStyle>
        <color>ff42b37c</color>
        <width>3.3015</width>
      </LineStyle>
      <PolyStyle>
        <color>4742b37c</color>
        <fill>1</fill>
        <outline>1</outline>
      </PolyStyle>
      <BalloonStyle>
        <text><![CDATA[<h3>$[name]</h3>]]></text>
      </BalloonStyle>
    </Style>
    <StyleMap id="poly-7CB342-2201-71-nodesc">
      <Pair>
        <key>normal</key>
        <styleUrl>#poly-7CB342-2201-71-nodesc-normal</styleUrl>
      </Pair>
      <Pair>
        <key>highlight</key>
        <styleUrl>#poly-7CB342-2201-71-nodesc-highlight</styleUrl>
      </Pair>
    </StyleMap>
    <Style id="poly-7CB342-2201-77-nodesc-normal">
      <LineStyle>
        <color>ff42b37c</color>
        <width>2.201</width>
      </LineStyle>
      <PolyStyle>
        <color>4d42b37c</color>
        <fill>1</fill>
        <outline>1</outline>
      </PolyStyle>
      <BalloonStyle>
        <text><![CDATA[<h3>$[name]</h3>]]></text>
      </BalloonStyle>
    </Style>
    <Style id="poly-7CB342-2201-77-nodesc-highlight">
      <LineStyle>
        <color>ff42b37c</color>
        <width>3.3015</width>
      </LineStyle>
      <PolyStyle>
        <color>4d42b37c</color>
        <fill>1</fill>
        <outline>1</outline>
      </PolyStyle>
      <BalloonStyle>
        <text><![CDATA[<h3>$[name]</h3>]]></text>
      </BalloonStyle>
    </Style>
    <StyleMap id="poly-7CB342-2201-77-nodesc">
      <Pair>
        <key>normal</key>
        <styleUrl>#poly-7CB342-2201-77-nodesc-normal</styleUrl>
      </Pair>
      <Pair>
        <key>highlight</key>
        <styleUrl>#poly-7CB342-2201-77-nodesc-highlight</styleUrl>
      </Pair>
    </StyleMap>
    <Style id="poly-7CB342-2301-71-nodesc-normal">
      <LineStyle>
        <color>ff42b37c</color>
        <width>2.301</width>
      </LineStyle>
      <PolyStyle>
        <color>4742b37c</color>
        <fill>1</fill>
        <outline>1</outline>
      </PolyStyle>
      <BalloonStyle>
        <text><![CDATA[<h3>$[name]</h3>]]></text>
      </BalloonStyle>
    </Style>
    <Style id="poly-7CB342-2301-71-nodesc-highlight">
      <LineStyle>
        <color>ff42b37c</color>
        <width>3.4515</width>
      </LineStyle>
      <PolyStyle>
        <color>4742b37c</color>
        <fill>1</fill>
        <outline>1</outline>
      </PolyStyle>
      <BalloonStyle>
        <text><![CDATA[<h3>$[name]</h3>]]></text>
      </BalloonStyle>
    </Style>
    <StyleMap id="poly-7CB342-2301-71-nodesc">
      <Pair>
        <key>normal</key>
        <styleUrl>#poly-7CB342-2301-71-nodesc-normal</styleUrl>
      </Pair>
      <Pair>
        <key>highlight</key>
        <styleUrl>#poly-7CB342-2301-71-nodesc-highlight</styleUrl>
      </Pair>
    </StyleMap>
    <Style id="poly-7CB342-2301-77-nodesc-normal">
      <LineStyle>
        <color>ff42b37c</color>
        <width>2.301</width>
      </LineStyle>
      <PolyStyle>
        <color>4d42b37c</color>
        <fill>1</fill>
        <outline>1</outline>
      </PolyStyle>
      <BalloonStyle>
        <text><![CDATA[<h3>$[name]</h3>]]></text>
      </BalloonStyle>
    </Style>
    <Style id="poly-7CB342-2301-77-nodesc-highlight">
      <LineStyle>
        <color>ff42b37c</color>
        <width>3.4515</width>
      </LineStyle>
      <PolyStyle>
        <color>4d42b37c</color>
        <fill>1</fill>
        <outline>1</outline>
      </PolyStyle>
      <BalloonStyle>
        <text><![CDATA[<h3>$[name]</h3>]]></text>
      </BalloonStyle>
    </Style>
    <StyleMap id="poly-7CB342-2301-77-nodesc">
      <Pair>
        <key>normal</key>
        <styleUrl>#poly-7CB342-2301-77-nodesc-normal</styleUrl>
      </Pair>
      <Pair>
        <key>highlight</key>
        <styleUrl>#poly-7CB342-2301-77-nodesc-highlight</styleUrl>
      </Pair>
    </StyleMap>
    <Style id="poly-7CB342-2401-77-nodesc-normal">
      <LineStyle>
        <color>ff42b37c</color>
        <width>2.401</width>
      </LineStyle>
      <PolyStyle>
        <color>4d42b37c</color>
        <fill>1</fill>
        <outline>1</outline>
      </PolyStyle>
      <BalloonStyle>
        <text><![CDATA[<h3>$[name]</h3>]]></text>
      </BalloonStyle>
    </Style>
    <Style id="poly-7CB342-2401-77-nodesc-highlight">
      <LineStyle>
        <color>ff42b37c</color>
        <width>3.6015</width>
      </LineStyle>
      <PolyStyle>
        <color>4d42b37c</color>
        <fill>1</fill>
        <outline>1</outline>
      </PolyStyle>
      <BalloonStyle>
        <text><![CDATA[<h3>$[name]</h3>]]></text>
      </BalloonStyle>
    </Style>
    <StyleMap id="poly-7CB342-2401-77-nodesc">
      <Pair>
        <key>normal</key>
        <styleUrl>#poly-7CB342-2401-77-nodesc-normal</styleUrl>
      </Pair>
      <Pair>
        <key>highlight</key>
        <styleUrl>#poly-7CB342-2401-77-nodesc-highlight</styleUrl>
      </Pair>
    </StyleMap>
    <Style id="poly-7CB342-2501-69-nodesc-normal">
      <LineStyle>
        <color>ff42b37c</color>
        <width>2.501</width>
      </LineStyle>
      <PolyStyle>
        <color>4542b37c</color>
        <fill>1</fill>
        <outline>1</outline>
      </PolyStyle>
      <BalloonStyle>
        <text><![CDATA[<h3>$[name]</h3>]]></text>
      </BalloonStyle>
    </Style>
    <Style id="poly-7CB342-2501-69-nodesc-highlight">
      <LineStyle>
        <color>ff42b37c</color>
        <width>3.7515</width>
      </LineStyle>
      <PolyStyle>
        <color>4542b37c</color>
        <fill>1</fill>
        <outline>1</outline>
      </PolyStyle>
      <BalloonStyle>
        <text><![CDATA[<h3>$[name]</h3>]]></text>
      </BalloonStyle>
    </Style>
    <StyleMap id="poly-7CB342-2501-69-nodesc">
      <Pair>
        <key>normal</key>
        <styleUrl>#poly-7CB342-2501-69-nodesc-normal</styleUrl>
      </Pair>
      <Pair>
        <key>highlight</key>
        <styleUrl>#poly-7CB342-2501-69-nodesc-highlight</styleUrl>
      </Pair>
    </StyleMap>
    <Style id="poly-7CB342-2501-77-nodesc-normal">
      <LineStyle>
        <color>ff42b37c</color>
        <width>2.501</width>
      </LineStyle>
      <PolyStyle>
        <color>4d42b37c</color>
        <fill>1</fill>
        <outline>1</outline>
      </PolyStyle>
      <BalloonStyle>
        <text><![CDATA[<h3>$[name]</h3>]]></text>
      </BalloonStyle>
    </Style>
    <Style id="poly-7CB342-2501-77-nodesc-highlight">
      <LineStyle>
        <color>ff42b37c</color>
        <width>3.7515</width>
      </LineStyle>
      <PolyStyle>
        <color>4d42b37c</color>
        <fill>1</fill>
        <outline>1</outline>
      </PolyStyle>
      <BalloonStyle>
        <text><![CDATA[<h3>$[name]</h3>]]></text>
      </BalloonStyle>
    </Style>
    <StyleMap id="poly-7CB342-2501-77-nodesc">
      <Pair>
        <key>normal</key>
        <styleUrl>#poly-7CB342-2501-77-nodesc-normal</styleUrl>
      </Pair>
      <Pair>
        <key>highlight</key>
        <styleUrl>#poly-7CB342-2501-77-nodesc-highlight</styleUrl>
      </Pair>
    </StyleMap>
    <Style id="poly-7CB342-2601-77-nodesc-normal">
      <LineStyle>
        <color>ff42b37c</color>
        <width>2.601</width>
      </LineStyle>
      <PolyStyle>
        <color>4d42b37c</color>
        <fill>1</fill>
        <outline>1</outline>
      </PolyStyle>
      <BalloonStyle>
        <text><![CDATA[<h3>$[name]</h3>]]></text>
      </BalloonStyle>
    </Style>
    <Style id="poly-7CB342-2601-77-nodesc-highlight">
      <LineStyle>
        <color>ff42b37c</color>
        <width>3.9015</width>
      </LineStyle>
      <PolyStyle>
        <color>4d42b37c</color>
        <fill>1</fill>
        <outline>1</outline>
      </PolyStyle>
      <BalloonStyle>
        <text><![CDATA[<h3>$[name]</h3>]]></text>
      </BalloonStyle>
    </Style>
    <StyleMap id="poly-7CB342-2601-77-nodesc">
      <Pair>
        <key>normal</key>
        <styleUrl>#poly-7CB342-2601-77-nodesc-normal</styleUrl>
      </Pair>
      <Pair>
        <key>highlight</key>
        <styleUrl>#poly-7CB342-2601-77-nodesc-highlight</styleUrl>
      </Pair>
    </StyleMap>
    <Style id="poly-7CB342-2701-77-nodesc-normal">
      <LineStyle>
        <color>ff42b37c</color>
        <width>2.701</width>
      </LineStyle>
      <PolyStyle>
        <color>4d42b37c</color>
        <fill>1</fill>
        <outline>1</outline>
      </PolyStyle>
      <BalloonStyle>
        <text><![CDATA[<h3>$[name]</h3>]]></text>
      </BalloonStyle>
    </Style>
    <Style id="poly-7CB342-2701-77-nodesc-highlight">
      <LineStyle>
        <color>ff42b37c</color>
        <width>4.0515</width>
      </LineStyle>
      <PolyStyle>
        <color>4d42b37c</color>
        <fill>1</fill>
        <outline>1</outline>
      </PolyStyle>
      <BalloonStyle>
        <text><![CDATA[<h3>$[name]</h3>]]></text>
      </BalloonStyle>
    </Style>
    <StyleMap id="poly-7CB342-2701-77-nodesc">
      <Pair>
        <key>normal</key>
        <styleUrl>#poly-7CB342-2701-77-nodesc-normal</styleUrl>
      </Pair>
      <Pair>
        <key>highlight</key>
        <styleUrl>#poly-7CB342-2701-77-nodesc-highlight</styleUrl>
      </Pair>
    </StyleMap>
    <Style id="poly-7CB342-2801-77-nodesc-normal">
      <LineStyle>
        <color>ff42b37c</color>
        <width>2.801</width>
      </LineStyle>
      <PolyStyle>
        <color>4d42b37c</color>
        <fill>1</fill>
        <outline>1</outline>
      </PolyStyle>
      <BalloonStyle>
        <text><![CDATA[<h3>$[name]</h3>]]></text>
      </BalloonStyle>
    </Style>
    <Style id="poly-7CB342-2801-77-nodesc-highlight">
      <LineStyle>
        <color>ff42b37c</color>
        <width>4.2015</width>
      </LineStyle>
      <PolyStyle>
        <color>4d42b37c</color>
        <fill>1</fill>
        <outline>1</outline>
      </PolyStyle>
      <BalloonStyle>
        <text><![CDATA[<h3>$[name]</h3>]]></text>
      </BalloonStyle>
    </Style>
    <StyleMap id="poly-7CB342-2801-77-nodesc">
      <Pair>
        <key>normal</key>
        <styleUrl>#poly-7CB342-2801-77-nodesc-normal</styleUrl>
      </Pair>
      <Pair>
        <key>highlight</key>
        <styleUrl>#poly-7CB342-2801-77-nodesc-highlight</styleUrl>
      </Pair>
    </StyleMap>
    <Style id="poly-7CB342-2901-77-nodesc-normal">
      <LineStyle>
        <color>ff42b37c</color>
        <width>2.901</width>
      </LineStyle>
      <PolyStyle>
        <color>4d42b37c</color>
        <fill>1</fill>
        <outline>1</outline>
      </PolyStyle>
      <BalloonStyle>
        <text><![CDATA[<h3>$[name]</h3>]]></text>
      </BalloonStyle>
    </Style>
    <Style id="poly-7CB342-2901-77-nodesc-highlight">
      <LineStyle>
        <color>ff42b37c</color>
        <width>4.3515</width>
      </LineStyle>
      <PolyStyle>
        <color>4d42b37c</color>
        <fill>1</fill>
        <outline>1</outline>
      </PolyStyle>
      <BalloonStyle>
        <text><![CDATA[<h3>$[name]</h3>]]></text>
      </BalloonStyle>
    </Style>
    <StyleMap id="poly-7CB342-2901-77-nodesc">
      <Pair>
        <key>normal</key>
        <styleUrl>#poly-7CB342-2901-77-nodesc-normal</styleUrl>
      </Pair>
      <Pair>
        <key>highlight</key>
        <styleUrl>#poly-7CB342-2901-77-nodesc-highlight</styleUrl>
      </Pair>
    </StyleMap>
    <Style id="poly-7CB342-3000-77-nodesc-normal">
      <LineStyle>
        <color>ff42b37c</color>
        <width>3</width>
      </LineStyle>
      <PolyStyle>
        <color>4d42b37c</color>
        <fill>1</fill>
        <outline>1</outline>
      </PolyStyle>
      <BalloonStyle>
        <text><![CDATA[<h3>$[name]</h3>]]></text>
      </BalloonStyle>
    </Style>
    <Style id="poly-7CB342-3000-77-nodesc-highlight">
      <LineStyle>
        <color>ff42b37c</color>
        <width>4.5</width>
      </LineStyle>
      <PolyStyle>
        <color>4d42b37c</color>
        <fill>1</fill>
        <outline>1</outline>
      </PolyStyle>
      <BalloonStyle>
        <text><![CDATA[<h3>$[name]</h3>]]></text>
      </BalloonStyle>
    </Style>
    <StyleMap id="poly-7CB342-3000-77-nodesc">
      <Pair>
        <key>normal</key>
        <styleUrl>#poly-7CB342-3000-77-nodesc-normal</styleUrl>
      </Pair>
      <Pair>
        <key>highlight</key>
        <styleUrl>#poly-7CB342-3000-77-nodesc-highlight</styleUrl>
      </Pair>
    </StyleMap>
    <Style id="poly-7CB342-3000-79-nodesc-normal">
      <LineStyle>
        <color>ff42b37c</color>
        <width>3</width>
      </LineStyle>
      <PolyStyle>
        <color>4f42b37c</color>
        <fill>1</fill>
        <outline>1</outline>
      </PolyStyle>
      <BalloonStyle>
        <text><![CDATA[<h3>$[name]</h3>]]></text>
      </BalloonStyle>
    </Style>
    <Style id="poly-7CB342-3000-79-nodesc-highlight">
      <LineStyle>
        <color>ff42b37c</color>
        <width>4.5</width>
      </LineStyle>
      <PolyStyle>
        <color>4f42b37c</color>
        <fill>1</fill>
        <outline>1</outline>
      </PolyStyle>
      <BalloonStyle>
        <text><![CDATA[<h3>$[name]</h3>]]></text>
      </BalloonStyle>
    </Style>
    <StyleMap id="poly-7CB342-3000-79-nodesc">
      <Pair>
        <key>normal</key>
        <styleUrl>#poly-7CB342-3000-79-nodesc-normal</styleUrl>
      </Pair>
      <Pair>
        <key>highlight</key>
        <styleUrl>#poly-7CB342-3000-79-nodesc-highlight</styleUrl>
      </Pair>
    </StyleMap>
    <Style id="poly-7CB342-3001-77-nodesc-normal">
      <LineStyle>
        <color>ff42b37c</color>
        <width>3.001</width>
      </LineStyle>
      <PolyStyle>
        <color>4d42b37c</color>
        <fill>1</fill>
        <outline>1</outline>
      </PolyStyle>
      <BalloonStyle>
        <text><![CDATA[<h3>$[name]</h3>]]></text>
      </BalloonStyle>
    </Style>
    <Style id="poly-7CB342-3001-77-nodesc-highlight">
      <LineStyle>
        <color>ff42b37c</color>
        <width>4.5015</width>
      </LineStyle>
      <PolyStyle>
        <color>4d42b37c</color>
        <fill>1</fill>
        <outline>1</outline>
      </PolyStyle>
      <BalloonStyle>
        <text><![CDATA[<h3>$[name]</h3>]]></text>
      </BalloonStyle>
    </Style>
    <StyleMap id="poly-7CB342-3001-77-nodesc">
      <Pair>
        <key>normal</key>
        <styleUrl>#poly-7CB342-3001-77-nodesc-normal</styleUrl>
      </Pair>
      <Pair>
        <key>highlight</key>
        <styleUrl>#poly-7CB342-3001-77-nodesc-highlight</styleUrl>
      </Pair>
    </StyleMap>
    <Style id="poly-7CB342-3012-77-nodesc-normal">
      <LineStyle>
        <color>ff42b37c</color>
        <width>3.012</width>
      </LineStyle>
      <PolyStyle>
        <color>4d42b37c</color>
        <fill>1</fill>
        <outline>1</outline>
      </PolyStyle>
      <BalloonStyle>
        <text><![CDATA[<h3>$[name]</h3>]]></text>
      </BalloonStyle>
    </Style>
    <Style id="poly-7CB342-3012-77-nodesc-highlight">
      <LineStyle>
        <color>ff42b37c</color>
        <width>4.518</width>
      </LineStyle>
      <PolyStyle>
        <color>4d42b37c</color>
        <fill>1</fill>
        <outline>1</outline>
      </PolyStyle>
      <BalloonStyle>
        <text><![CDATA[<h3>$[name]</h3>]]></text>
      </BalloonStyle>
    </Style>
    <StyleMap id="poly-7CB342-3012-77-nodesc">
      <Pair>
        <key>normal</key>
        <styleUrl>#poly-7CB342-3012-77-nodesc-normal</styleUrl>
      </Pair>
      <Pair>
        <key>highlight</key>
        <styleUrl>#poly-7CB342-3012-77-nodesc-highlight</styleUrl>
      </Pair>
    </StyleMap>
    <Style id="poly-A1C2FA-2001-77-nodesc-normal">
      <LineStyle>
        <color>fffac2a1</color>
        <width>2.001</width>
      </LineStyle>
      <PolyStyle>
        <color>4dfac2a1</color>
        <fill>1</fill>
        <outline>1</outline>
      </PolyStyle>
      <BalloonStyle>
        <text><![CDATA[<h3>$[name]</h3>]]></text>
      </BalloonStyle>
    </Style>
    <Style id="poly-A1C2FA-2001-77-nodesc-highlight">
      <LineStyle>
        <color>fffac2a1</color>
        <width>3.0015</width>
      </LineStyle>
      <PolyStyle>
        <color>4dfac2a1</color>
        <fill>1</fill>
        <outline>1</outline>
      </PolyStyle>
      <BalloonStyle>
        <text><![CDATA[<h3>$[name]</h3>]]></text>
      </BalloonStyle>
    </Style>
    <StyleMap id="poly-A1C2FA-2001-77-nodesc">
      <Pair>
        <key>normal</key>
        <styleUrl>#poly-A1C2FA-2001-77-nodesc-normal</styleUrl>
      </Pair>
      <Pair>
        <key>highlight</key>
        <styleUrl>#poly-A1C2FA-2001-77-nodesc-highlight</styleUrl>
      </Pair>
    </StyleMap>
    <Style id="poly-A1C2FA-2701-77-nodesc-normal">
      <LineStyle>
        <color>fffac2a1</color>
        <width>2.701</width>
      </LineStyle>
      <PolyStyle>
        <color>4dfac2a1</color>
        <fill>1</fill>
        <outline>1</outline>
      </PolyStyle>
      <BalloonStyle>
        <text><![CDATA[<h3>$[name]</h3>]]></text>
      </BalloonStyle>
    </Style>
    <Style id="poly-A1C2FA-2701-77-nodesc-highlight">
      <LineStyle>
        <color>fffac2a1</color>
        <width>4.0515</width>
      </LineStyle>
      <PolyStyle>
        <color>4dfac2a1</color>
        <fill>1</fill>
        <outline>1</outline>
      </PolyStyle>
      <BalloonStyle>
        <text><![CDATA[<h3>$[name]</h3>]]></text>
      </BalloonStyle>
    </Style>
    <StyleMap id="poly-A1C2FA-2701-77-nodesc">
      <Pair>
        <key>normal</key>
        <styleUrl>#poly-A1C2FA-2701-77-nodesc-normal</styleUrl>
      </Pair>
      <Pair>
        <key>highlight</key>
        <styleUrl>#poly-A1C2FA-2701-77-nodesc-highlight</styleUrl>
      </Pair>
    </StyleMap>
    <Style id="poly-AFB42B-2101-77-nodesc-normal">
      <LineStyle>
        <color>ff2bb4af</color>
        <width>2.101</width>
      </LineStyle>
      <PolyStyle>
        <color>4d2bb4af</color>
        <fill>1</fill>
        <outline>1</outline>
      </PolyStyle>
      <BalloonStyle>
        <text><![CDATA[<h3>$[name]</h3>]]></text>
      </BalloonStyle>
    </Style>
    <Style id="poly-AFB42B-2101-77-nodesc-highlight">
      <LineStyle>
        <color>ff2bb4af</color>
        <width>3.1515</width>
      </LineStyle>
      <PolyStyle>
        <color>4d2bb4af</color>
        <fill>1</fill>
        <outline>1</outline>
      </PolyStyle>
      <BalloonStyle>
        <text><![CDATA[<h3>$[name]</h3>]]></text>
      </BalloonStyle>
    </Style>
    <StyleMap id="poly-AFB42B-2101-77-nodesc">
      <Pair>
        <key>normal</key>
        <styleUrl>#poly-AFB42B-2101-77-nodesc-normal</styleUrl>
      </Pair>
      <Pair>
        <key>highlight</key>
        <styleUrl>#poly-AFB42B-2101-77-nodesc-highlight</styleUrl>
      </Pair>
    </StyleMap>
    <Style id="poly-B2EBF2-1200-77-nodesc-normal">
      <LineStyle>
        <color>fff2ebb2</color>
        <width>1.2</width>
      </LineStyle>
      <PolyStyle>
        <color>4df2ebb2</color>
        <fill>1</fill>
        <outline>1</outline>
      </PolyStyle>
      <BalloonStyle>
        <text><![CDATA[<h3>$[name]</h3>]]></text>
      </BalloonStyle>
    </Style>
    <Style id="poly-B2EBF2-1200-77-nodesc-highlight">
      <LineStyle>
        <color>fff2ebb2</color>
        <width>1.8</width>
      </LineStyle>
      <PolyStyle>
        <color>4df2ebb2</color>
        <fill>1</fill>
        <outline>1</outline>
      </PolyStyle>
      <BalloonStyle>
        <text><![CDATA[<h3>$[name]</h3>]]></text>
      </BalloonStyle>
    </Style>
    <StyleMap id="poly-B2EBF2-1200-77-nodesc">
      <Pair>
        <key>normal</key>
        <styleUrl>#poly-B2EBF2-1200-77-nodesc-normal</styleUrl>
      </Pair>
      <Pair>
        <key>highlight</key>
        <styleUrl>#poly-B2EBF2-1200-77-nodesc-highlight</styleUrl>
      </Pair>
    </StyleMap>
    <Style id="poly-B2EBF2-2901-77-nodesc-normal">
      <LineStyle>
        <color>fff2ebb2</color>
        <width>2.901</width>
      </LineStyle>
      <PolyStyle>
        <color>4df2ebb2</color>
        <fill>1</fill>
        <outline>1</outline>
      </PolyStyle>
      <BalloonStyle>
        <text><![CDATA[<h3>$[name]</h3>]]></text>
      </BalloonStyle>
    </Style>
    <Style id="poly-B2EBF2-2901-77-nodesc-highlight">
      <LineStyle>
        <color>fff2ebb2</color>
        <width>4.3515</width>
      </LineStyle>
      <PolyStyle>
        <color>4df2ebb2</color>
        <fill>1</fill>
        <outline>1</outline>
      </PolyStyle>
      <BalloonStyle>
        <text><![CDATA[<h3>$[name]</h3>]]></text>
      </BalloonStyle>
    </Style>
    <StyleMap id="poly-B2EBF2-2901-77-nodesc">
      <Pair>
        <key>normal</key>
        <styleUrl>#poly-B2EBF2-2901-77-nodesc-normal</styleUrl>
      </Pair>
      <Pair>
        <key>highlight</key>
        <styleUrl>#poly-B2EBF2-2901-77-nodesc-highlight</styleUrl>
      </Pair>
    </StyleMap>
    <Style id="poly-B2EBF2-3000-77-nodesc-normal">
      <LineStyle>
        <color>fff2ebb2</color>
        <width>3</width>
      </LineStyle>
      <PolyStyle>
        <color>4df2ebb2</color>
        <fill>1</fill>
        <outline>1</outline>
      </PolyStyle>
      <BalloonStyle>
        <text><![CDATA[<h3>$[name]</h3>]]></text>
      </BalloonStyle>
    </Style>
    <Style id="poly-B2EBF2-3000-77-nodesc-highlight">
      <LineStyle>
        <color>fff2ebb2</color>
        <width>4.5</width>
      </LineStyle>
      <PolyStyle>
        <color>4df2ebb2</color>
        <fill>1</fill>
        <outline>1</outline>
      </PolyStyle>
      <BalloonStyle>
        <text><![CDATA[<h3>$[name]</h3>]]></text>
      </BalloonStyle>
    </Style>
    <StyleMap id="poly-B2EBF2-3000-77-nodesc">
      <Pair>
        <key>normal</key>
        <styleUrl>#poly-B2EBF2-3000-77-nodesc-normal</styleUrl>
      </Pair>
      <Pair>
        <key>highlight</key>
        <styleUrl>#poly-B2EBF2-3000-77-nodesc-highlight</styleUrl>
      </Pair>
    </StyleMap>
    <Style id="poly-B2EBF2-3000-87-nodesc-normal">
      <LineStyle>
        <color>fff2ebb2</color>
        <width>3</width>
      </LineStyle>
      <PolyStyle>
        <color>57f2ebb2</color>
        <fill>1</fill>
        <outline>1</outline>
      </PolyStyle>
      <BalloonStyle>
        <text><![CDATA[<h3>$[name]</h3>]]></text>
      </BalloonStyle>
    </Style>
    <Style id="poly-B2EBF2-3000-87-nodesc-highlight">
      <LineStyle>
        <color>fff2ebb2</color>
        <width>4.5</width>
      </LineStyle>
      <PolyStyle>
        <color>57f2ebb2</color>
        <fill>1</fill>
        <outline>1</outline>
      </PolyStyle>
      <BalloonStyle>
        <text><![CDATA[<h3>$[name]</h3>]]></text>
      </BalloonStyle>
    </Style>
    <StyleMap id="poly-B2EBF2-3000-87-nodesc">
      <Pair>
        <key>normal</key>
        <styleUrl>#poly-B2EBF2-3000-87-nodesc-normal</styleUrl>
      </Pair>
      <Pair>
        <key>highlight</key>
        <styleUrl>#poly-B2EBF2-3000-87-nodesc-highlight</styleUrl>
      </Pair>
    </StyleMap>
    <Style id="poly-B2EBF2-3001-77-nodesc-normal">
      <LineStyle>
        <color>fff2ebb2</color>
        <width>3.001</width>
      </LineStyle>
      <PolyStyle>
        <color>4df2ebb2</color>
        <fill>1</fill>
        <outline>1</outline>
      </PolyStyle>
      <BalloonStyle>
        <text><![CDATA[<h3>$[name]</h3>]]></text>
      </BalloonStyle>
    </Style>
    <Style id="poly-B2EBF2-3001-77-nodesc-highlight">
      <LineStyle>
        <color>fff2ebb2</color>
        <width>4.5015</width>
      </LineStyle>
      <PolyStyle>
        <color>4df2ebb2</color>
        <fill>1</fill>
        <outline>1</outline>
      </PolyStyle>
      <BalloonStyle>
        <text><![CDATA[<h3>$[name]</h3>]]></text>
      </BalloonStyle>
    </Style>
    <StyleMap id="poly-B2EBF2-3001-77-nodesc">
      <Pair>
        <key>normal</key>
        <styleUrl>#poly-B2EBF2-3001-77-nodesc-normal</styleUrl>
      </Pair>
      <Pair>
        <key>highlight</key>
        <styleUrl>#poly-B2EBF2-3001-77-nodesc-highlight</styleUrl>
      </Pair>
    </StyleMap>
    <Style id="poly-B2EBF2-3301-77-nodesc-normal">
      <LineStyle>
        <color>fff2ebb2</color>
        <width>3.301</width>
      </LineStyle>
      <PolyStyle>
        <color>4df2ebb2</color>
        <fill>1</fill>
        <outline>1</outline>
      </PolyStyle>
      <BalloonStyle>
        <text><![CDATA[<h3>$[name]</h3>]]></text>
      </BalloonStyle>
    </Style>
    <Style id="poly-B2EBF2-3301-77-nodesc-highlight">
      <LineStyle>
        <color>fff2ebb2</color>
        <width>4.9515</width>
      </LineStyle>
      <PolyStyle>
        <color>4df2ebb2</color>
        <fill>1</fill>
        <outline>1</outline>
      </PolyStyle>
      <BalloonStyle>
        <text><![CDATA[<h3>$[name]</h3>]]></text>
      </BalloonStyle>
    </Style>
    <StyleMap id="poly-B2EBF2-3301-77-nodesc">
      <Pair>
        <key>normal</key>
        <styleUrl>#poly-B2EBF2-3301-77-nodesc-normal</styleUrl>
      </Pair>
      <Pair>
        <key>highlight</key>
        <styleUrl>#poly-B2EBF2-3301-77-nodesc-highlight</styleUrl>
      </Pair>
    </StyleMap>
    <Placemark>
      <name>FMU16-1</name>
      <styleUrl>#poly-7CB342-2801-77-nodesc</styleUrl>
      <Polygon>
        <outerBoundaryIs>
          <LinearRing>
            <tessellate>1</tessellate>
            <coordinates>
              101.5811536,17.2924068,0
              101.5811428,17.292248,0
              101.5812716,17.292207,0
              101.5816631,17.2910727,0
              101.5829253,17.2911659,0
              101.5838572,17.2916026,0
              101.5841147,17.2918792,0
              101.5841201,17.2926475,0
              101.5832242,17.2927192,0
              101.5830955,17.2927807,0
              101.5828755,17.2927909,0
              101.5811536,17.2924068,0
            </coordinates>
          </LinearRing>
        </outerBoundaryIs>
      </Polygon>
    </Placemark>
    <Placemark>
      <name>FMU16-2</name>
      <styleUrl>#poly-7CB342-3001-77-nodesc</styleUrl>
      <Polygon>
        <outerBoundaryIs>
          <LinearRing>
            <tessellate>1</tessellate>
            <coordinates>
              101.5806873,17.2908633,0
              101.5812023,17.289885,0
              101.5811862,17.2893216,0
              101.5812935,17.2892448,0
              101.5813579,17.2892345,0
              101.5816154,17.2892192,0
              101.5825434,17.2890091,0
              101.5825542,17.2909401,0
              101.5817335,17.2908429,0
              101.5816798,17.291017,0
              101.5811058,17.2909709,0
              101.5806873,17.2908633,0
            </coordinates>
          </LinearRing>
        </outerBoundaryIs>
      </Polygon>
    </Placemark>
    <Placemark>
      <name>FMU16-2</name>
      <styleUrl>#poly-B2EBF2-2901-77-nodesc</styleUrl>
      <Polygon>
        <outerBoundaryIs>
          <LinearRing>
            <tessellate>1</tessellate>
            <coordinates>
              101.5810127,17.2908236,0
              101.5813185,17.2905521,0
              101.5817101,17.290629,0
              101.5815599,17.2908953,0
              101.5810127,17.2908236,0
            </coordinates>
          </LinearRing>
        </outerBoundaryIs>
      </Polygon>
    </Placemark>
    <Placemark>
      <name>FMU16-3</name>
      <styleUrl>#poly-7CB342-1200-77-nodesc</styleUrl>
      <Polygon>
        <outerBoundaryIs>
          <LinearRing>
            <tessellate>1</tessellate>
            <coordinates>
              101.5825542,17.2909401,0
              101.5825434,17.2890091,0
              101.5829884,17.2888395,0
              101.5832084,17.2888293,0
              101.5834069,17.2888498,0
              101.5839111,17.2889676,0
              101.5839433,17.2912059,0
              101.5837716,17.2913698,0
              101.5829616,17.2909959,0
              101.5825542,17.2909401,0
            </coordinates>
          </LinearRing>
        </outerBoundaryIs>
      </Polygon>
    </Placemark>
    <Placemark>
      <name>FMU16-4</name>
      <styleUrl>#poly-7CB342-2901-77-nodesc</styleUrl>
      <Polygon>
        <outerBoundaryIs>
          <LinearRing>
            <tessellate>1</tessellate>
            <coordinates>
              101.5839433,17.2912059,0
              101.5839111,17.2889676,0
              101.5841493,17.2889806,0
              101.584085,17.2892367,0
              101.5840957,17.2897028,0
              101.5852598,17.2896004,0
              101.585469,17.2903124,0
              101.585646,17.2904148,0
              101.5854046,17.2905736,0
              101.5851203,17.2908963,0
              101.5849755,17.2909629,0
              101.5848145,17.291009,0
              101.5844658,17.2910294,0
              101.5839433,17.2912059,0
            </coordinates>
          </LinearRing>
        </outerBoundaryIs>
      </Polygon>
    </Placemark>
    <Placemark>
      <name>FMU17-1</name>
      <styleUrl>#poly-7CB342-2901-77-nodesc</styleUrl>
      <Polygon>
        <outerBoundaryIs>
          <LinearRing>
            <tessellate>1</tessellate>
            <coordinates>
              101.6325451,17.1751237,0
              101.6326577,17.1735912,0
              101.6330815,17.1732889,0
              101.6325451,17.1751237,0
            </coordinates>
          </LinearRing>
        </outerBoundaryIs>
      </Polygon>
    </Placemark>
    <Placemark>
      <name>FMU17-2</name>
      <styleUrl>#poly-7CB342-2901-77-nodesc</styleUrl>
      <Polygon>
        <outerBoundaryIs>
          <LinearRing>
            <tessellate>1</tessellate>
            <coordinates>
              101.6277253,17.1775307,0
              101.6267544,17.1765415,0
              101.6268295,17.1764544,0
              101.6278755,17.1756549,0
              101.6283744,17.1764288,0
              101.6277253,17.1775307,0
            </coordinates>
          </LinearRing>
        </outerBoundaryIs>
      </Polygon>
    </Placemark>
    <Placemark>
      <name>FMU17-3</name>
      <styleUrl>#poly-7CB342-2901-77-nodesc</styleUrl>
      <Polygon>
        <outerBoundaryIs>
          <LinearRing>
            <tessellate>1</tessellate>
            <coordinates>
              101.6280599,17.1779383,0
              101.6277253,17.1775307,0
              101.6283744,17.1764288,0
              101.6285775,17.1764379,0
              101.6288377,17.1758126,0
              101.6294681,17.1760214,0
              101.6297765,17.1756986,0
              101.629975,17.1767441,0
              101.6291542,17.1776256,0
              101.6287841,17.1775488,0
              101.6286875,17.1779485,0
              101.6280599,17.1779383,0
            </coordinates>
          </LinearRing>
        </outerBoundaryIs>
      </Polygon>
    </Placemark>
    <Placemark>
      <name>FMU17-4</name>
      <styleUrl>#poly-7CB342-2901-77-nodesc</styleUrl>
      <Polygon>
        <outerBoundaryIs>
          <LinearRing>
            <tessellate>1</tessellate>
            <coordinates>
              101.629975,17.1767441,0
              101.6297765,17.1756986,0
              101.6297672,17.1751494,0
              101.6298745,17.1746932,0
              101.6303734,17.1739193,0
              101.6318271,17.1746727,0
              101.629975,17.1767441,0
            </coordinates>
          </LinearRing>
        </outerBoundaryIs>
      </Polygon>
    </Placemark>
    <Placemark>
      <name>FMU17-5</name>
      <styleUrl>#poly-7CB342-3001-77-nodesc</styleUrl>
      <Polygon>
        <outerBoundaryIs>
          <LinearRing>
            <tessellate>1</tessellate>
            <coordinates>
              101.6325451,17.1751237,0
              101.6318042,17.1743318,0
              101.6313,17.1724149,0
              101.6316808,17.1723842,0
              101.6327604,17.1735181,0
              101.6326577,17.1735912,0
              101.6325451,17.1751237,0
            </coordinates>
          </LinearRing>
        </outerBoundaryIs>
      </Polygon>
    </Placemark>
    <Placemark>
      <name>FMU17-6</name>
      <styleUrl>#poly-7CB342-2801-77-nodesc</styleUrl>
      <Polygon>
        <outerBoundaryIs>
          <LinearRing>
            <tessellate>1</tessellate>
            <coordinates>
              101.6292206,17.1730371,0
              101.6296176,17.1730576,0
              101.6296337,17.1724015,0
              101.6299126,17.1722683,0
              101.6313,17.1724149,0
              101.6318042,17.1743318,0
              101.6312269,17.1741031,0
              101.6292206,17.1730371,0
            </coordinates>
          </LinearRing>
        </outerBoundaryIs>
      </Polygon>
    </Placemark>
    <Placemark>
      <name>FMU17-7</name>
      <styleUrl>#poly-7CB342-3001-77-nodesc</styleUrl>
      <Polygon>
        <outerBoundaryIs>
          <LinearRing>
            <tessellate>1</tessellate>
            <coordinates>
              101.6299632,17.1722459,0
              101.6304514,17.1718667,0
              101.6309932,17.1715387,0
              101.6314545,17.1722049,0
              101.6317174,17.1723484,0
              101.6313043,17.1723792,0
              101.6299632,17.1722459,0
            </coordinates>
          </LinearRing>
        </outerBoundaryIs>
      </Polygon>
    </Placemark>
    <Placemark>
      <name>FMU18-1</name>
      <styleUrl>#poly-7CB342-2901-77-nodesc</styleUrl>
      <Polygon>
        <outerBoundaryIs>
          <LinearRing>
            <tessellate>1</tessellate>
            <coordinates>
              101.63857,17.282484,0
              101.638061,17.282184,0
              101.63861,17.280768,0
              101.639687,17.279278,0
              101.640331,17.281632,0
              101.639908,17.281112,0
              101.639398,17.281168,0
              101.638957,17.281161,0
              101.639371,17.282323,0
              101.6389,17.282552,0
              101.63857,17.282484,0
            </coordinates>
          </LinearRing>
        </outerBoundaryIs>
      </Polygon>
    </Placemark>
    <Placemark>
      <name>FMU18-2</name>
      <styleUrl>#poly-7CB342-2901-77-nodesc</styleUrl>
      <Polygon>
        <outerBoundaryIs>
          <LinearRing>
            <tessellate>1</tessellate>
            <coordinates>
              101.6403525,17.281632,0
              101.6397085,17.279278,0
              101.6395975,17.278158,0
              101.6411885,17.277999,0
              101.6412565,17.277702,0
              101.6416725,17.277742,0
              101.6419329,17.2778631,0
              101.6421145,17.277606,0
              101.6424895,17.277634,0
              101.6426905,17.277733,0
              101.6426995,17.278455,0
              101.6421995,17.278134,0
              101.6416015,17.278783,0
              101.6408425,17.279098,0
              101.6407695,17.279453,0
              101.6418605,17.28034,0
              101.6411105,17.280675,0
              101.6412015,17.281246,0
              101.6407935,17.281526,0
              101.6403525,17.281632,0
            </coordinates>
          </LinearRing>
        </outerBoundaryIs>
      </Polygon>
    </Placemark>
    <Placemark>
      <name>FMU18-2</name>
      <styleUrl>#poly-B2EBF2-2901-77-nodesc</styleUrl>
      <Polygon>
        <outerBoundaryIs>
          <LinearRing>
            <tessellate>1</tessellate>
            <coordinates>
              101.641249,17.2805957,0
              101.6410828,17.2803319,0
              101.6408843,17.2799887,0
              101.6405423,17.2796506,0
              101.6406696,17.2795046,0
              101.6407582,17.2790744,0
              101.6407957,17.2786159,0
              101.6410049,17.2780448,0
              101.6407421,17.2794688,0
              101.6409687,17.2796929,0
              101.6411793,17.2799426,0
              101.641469,17.2804958,0
              101.641249,17.2805957,0
            </coordinates>
          </LinearRing>
        </outerBoundaryIs>
      </Polygon>
    </Placemark>
    <Placemark>
      <name>FMU18-3</name>
      <styleUrl>#poly-7CB342-2901-77-nodesc</styleUrl>
      <Polygon>
        <outerBoundaryIs>
          <LinearRing>
            <tessellate>1</tessellate>
            <coordinates>
              101.639371,17.282323,0
              101.638957,17.281161,0
              101.639398,17.281168,0
              101.639908,17.281112,0
              101.640331,17.281632,0
              101.640772,17.281526,0
              101.640212,17.282128,0
              101.639832,17.2821,0
              101.639371,17.282323,0
            </coordinates>
          </LinearRing>
        </outerBoundaryIs>
      </Polygon>
    </Placemark>
    <Placemark>
      <name>FMU18-4</name>
      <styleUrl>#poly-7CB342-2901-77-nodesc</styleUrl>
      <Polygon>
        <outerBoundaryIs>
          <LinearRing>
            <tessellate>1</tessellate>
            <coordinates>
              101.639576,17.278158,0
              101.639722,17.277843,0
              101.6408135,17.2772582,0
              101.6412212,17.2772582,0
              101.641235,17.277702,0
              101.641167,17.277999,0
              101.639576,17.278158,0
            </coordinates>
          </LinearRing>
        </outerBoundaryIs>
      </Polygon>
    </Placemark>
    <Placemark>
      <name>FMU19-1</name>
      <styleUrl>#poly-7CB342-2601-77-nodesc</styleUrl>
      <Polygon>
        <outerBoundaryIs>
          <LinearRing>
            <tessellate>1</tessellate>
            <coordinates>
              101.640212,17.282128,0
              101.640772,17.281526,0
              101.641096,17.281753,0
              101.641411,17.281494,0
              101.641645,17.28122,0
              101.64209,17.281448,0
              101.641679,17.282013,0
              101.641278,17.282286,0
              101.640937,17.282331,0
              101.640703,17.282431,0
              101.640478,17.282416,0
              101.640212,17.282128,0
            </coordinates>
          </LinearRing>
        </outerBoundaryIs>
      </Polygon>
    </Placemark>
    <Placemark>
      <name>FMU19-2</name>
      <styleUrl>#poly-7CB342-2601-77-nodesc</styleUrl>
      <Polygon>
        <outerBoundaryIs>
          <LinearRing>
            <tessellate>1</tessellate>
            <coordinates>
              101.640772,17.281526,0
              101.64118,17.281246,0
              101.641089,17.280675,0
              101.641607,17.280443,0
              101.641708,17.280732,0
              101.641645,17.28122,0
              101.641411,17.281494,0
              101.641096,17.281753,0
              101.640772,17.281526,0
            </coordinates>
          </LinearRing>
        </outerBoundaryIs>
      </Polygon>
    </Placemark>
    <Placemark>
      <name>FMU19-3</name>
      <styleUrl>#poly-7CB342-2901-77-nodesc</styleUrl>
      <Polygon>
        <outerBoundaryIs>
          <LinearRing>
            <tessellate>1</tessellate>
            <coordinates>
              101.64209,17.281448,0
              101.641645,17.28122,0
              101.641708,17.280732,0
              101.642016,17.280671,0
              101.642277,17.28018,0
              101.642669,17.280471,0
              101.642473,17.280684,0
              101.642346,17.281094,0
              101.64209,17.281448,0
            </coordinates>
          </LinearRing>
        </outerBoundaryIs>
      </Polygon>
    </Placemark>
    <Placemark>
      <name>FMU19-4</name>
      <styleUrl>#poly-7CB342-3001-77-nodesc</styleUrl>
      <Polygon>
        <outerBoundaryIs>
          <LinearRing>
            <tessellate>1</tessellate>
            <coordinates>
              101.641607,17.280443,0
              101.641839,17.28034,0
              101.640748,17.279453,0
              101.640821,17.279098,0
              101.64158,17.278783,0
              101.642178,17.278134,0
              101.642678,17.278455,0
              101.641932,17.278999,0
              101.643124,17.280245,0
              101.642866,17.280334,0
              101.642669,17.280471,0
              101.642277,17.28018,0
              101.642016,17.280671,0
              101.641708,17.280732,0
              101.641607,17.280443,0
            </coordinates>
          </LinearRing>
        </outerBoundaryIs>
      </Polygon>
    </Placemark>
    <Placemark>
      <name>FMU19-5</name>
      <styleUrl>#poly-7CB342-2701-77-nodesc</styleUrl>
      <Polygon>
        <outerBoundaryIs>
          <LinearRing>
            <tessellate>1</tessellate>
            <coordinates>
              101.643124,17.280245,0
              101.641932,17.278999,0
              101.642678,17.278455,0
              101.643436,17.279839,0
              101.643124,17.280245,0
            </coordinates>
          </LinearRing>
        </outerBoundaryIs>
      </Polygon>
    </Placemark>
    <Placemark>
      <name>FMU20-1</name>
      <styleUrl>#poly-7CB342-3001-77-nodesc</styleUrl>
      <Polygon>
        <outerBoundaryIs>
          <LinearRing>
            <tessellate>1</tessellate>
            <coordinates>
              101.744816,17.046042,0
              101.745367,17.043382,0
              101.7455991,17.0426503,0
              101.746561,17.039557,0
              101.74736,17.039678,0
              101.7464883,17.043048,0
              101.7460296,17.0457996,0
              101.7456085,17.0457714,0
              101.7455924,17.0460612,0
              101.745465,17.046101,0
              101.744816,17.046042,0
            </coordinates>
          </LinearRing>
        </outerBoundaryIs>
      </Polygon>
    </Placemark>
    <Placemark>
      <name>FMU20-2</name>
      <styleUrl>#poly-7CB342-2901-77-nodesc</styleUrl>
      <Polygon>
        <outerBoundaryIs>
          <LinearRing>
            <tessellate>1</tessellate>
            <coordinates>
              101.746158,17.039408,0
              101.746285,17.038546,0
              101.744996,17.037876,0
              101.745263,17.0374705,0
              101.7453551,17.036802,0
              101.7452724,17.0364369,0
              101.7451146,17.0360309,0
              101.745205,17.035816,0
              101.745152,17.0353198,0
              101.745077,17.0350438,0
              101.7448303,17.0346755,0
              101.7444687,17.0344724,0
              101.7443025,17.0342483,0
              101.7440765,17.0340651,0
              101.7439148,17.0338923,0
              101.744738,17.033704,0
              101.74544,17.03414,0
              101.745861,17.0345935,0
              101.746117,17.0351395,0
              101.746057,17.035526,0
              101.746383,17.035776,0
              101.746715,17.036958,0
              101.746558,17.037518,0
              101.747474,17.03858,0
              101.7474866,17.0390319,0
              101.7471594,17.0390421,0
              101.7471808,17.0392986,0
              101.7470682,17.039437,0
              101.7471433,17.0396473,0
              101.746561,17.039557,0
              101.746158,17.039408,0
            </coordinates>
          </LinearRing>
        </outerBoundaryIs>
      </Polygon>
    </Placemark>
    <Placemark>
      <name>FMU20-3</name>
      <styleUrl>#poly-7CB342-3001-77-nodesc</styleUrl>
      <Polygon>
        <outerBoundaryIs>
          <LinearRing>
            <tessellate>1</tessellate>
            <coordinates>
              101.744738,17.033704,0
              101.7439166,17.0338565,0
              101.7432567,17.0336206,0
              101.743297,17.033277,0
              101.7443135,17.0329513,0
              101.744738,17.033704,0
            </coordinates>
          </LinearRing>
        </outerBoundaryIs>
      </Polygon>
    </Placemark>
    <Placemark>
      <name>FMU21-1</name>
      <styleUrl>#poly-7CB342-3001-77-nodesc</styleUrl>
      <Polygon>
        <outerBoundaryIs>
          <LinearRing>
            <tessellate>1</tessellate>
            <coordinates>
              101.7477851,17.038898,0
              101.7477621,17.0386497,0
              101.7477712,17.0382989,0
              101.747841,17.0378732,0
              101.7480341,17.0370321,0
              101.7479697,17.0368936,0
              101.7478839,17.0367756,0
              101.7476854,17.0367192,0
              101.7473958,17.0367705,0
              101.7471222,17.0369295,0
              101.7469827,17.0371706,0
              101.7468915,17.0373911,0
              101.7468486,17.0378322,0
              101.746558,17.037518,0
              101.747332,17.034849,0
              101.748698,17.0361602,0
              101.7483419,17.0375412,0
              101.7477851,17.038898,0
            </coordinates>
          </LinearRing>
        </outerBoundaryIs>
      </Polygon>
    </Placemark>
    <Placemark>
      <name>FMU21-2</name>
      <styleUrl>#poly-7CB342-3001-77-nodesc</styleUrl>
      <Polygon>
        <outerBoundaryIs>
          <LinearRing>
            <tessellate>1</tessellate>
            <coordinates>
              101.7459412,17.0347465,0
              101.7458502,17.0345525,0
              101.7454292,17.0341195,0
              101.7447272,17.0336835,0
              101.7443212,17.0329245,0
              101.7463522,17.0325475,0
              101.7470292,17.0329685,0
              101.7470612,17.0340275,0
              101.7466052,17.0341105,0
              101.7464322,17.0345235,0
              101.7459412,17.0347465,0
            </coordinates>
          </LinearRing>
        </outerBoundaryIs>
      </Polygon>
    </Placemark>
    <Placemark>
      <name>FMU21-3</name>
      <styleUrl>#poly-7CB342-2801-77-nodesc</styleUrl>
      <Polygon>
        <outerBoundaryIs>
          <LinearRing>
            <tessellate>1</tessellate>
            <coordinates>
              101.7460883,17.0354671,0
              101.7460641,17.0354594,0
              101.746117,17.035119,0
              101.745952,17.034767,0
              101.746443,17.034544,0
              101.7464986,17.0345388,0
              101.7467427,17.0342336,0
              101.747072,17.034048,0
              101.7472202,17.0342362,0
              101.7472041,17.0342644,0
              101.7471611,17.0343131,0
              101.7470592,17.0344388,0
              101.7466596,17.0349747,0
              101.7466918,17.0350927,0
              101.7465174,17.0354953,0
              101.7462546,17.0355697,0
              101.7460883,17.0354671,0
            </coordinates>
          </LinearRing>
        </outerBoundaryIs>
      </Polygon>
    </Placemark>
    <Placemark>
      <name>FMU21-3</name>
      <styleUrl>#poly-B2EBF2-3301-77-nodesc</styleUrl>
      <Polygon>
        <outerBoundaryIs>
          <LinearRing>
            <tessellate>1</tessellate>
            <coordinates>
              101.7467165,17.0349618,0
              101.7467018,17.0349528,0
              101.7469633,17.0345976,0
              101.747147,17.0346976,0
              101.7469338,17.0350643,0
              101.7467165,17.0349618,0
            </coordinates>
          </LinearRing>
        </outerBoundaryIs>
      </Polygon>
    </Placemark>
    <Placemark>
      <name>FMU22-1</name>
      <styleUrl>#poly-7CB342-2901-77-nodesc</styleUrl>
      <Polygon>
        <outerBoundaryIs>
          <LinearRing>
            <tessellate>1</tessellate>
            <coordinates>
              101.617345,17.313626,0
              101.617222,17.312381,0
              101.618854,17.31228,0
              101.618615,17.31364,0
              101.618562,17.313714,0
              101.618382,17.314488,0
              101.618253,17.314683,0
              101.61804,17.314523,0
              101.618006,17.314061,0
              101.617345,17.313626,0
            </coordinates>
          </LinearRing>
        </outerBoundaryIs>
      </Polygon>
    </Placemark>
    <Placemark>
      <name>FMU22-2</name>
      <styleUrl>#poly-7CB342-3001-77-nodesc</styleUrl>
      <Polygon>
        <outerBoundaryIs>
          <LinearRing>
            <tessellate>1</tessellate>
            <coordinates>
              101.6177593,17.3123517,0
              101.6175062,17.3119112,0
              101.6187522,17.3118642,0
              101.6188697,17.3122928,0
              101.6177593,17.3123517,0
            </coordinates>
          </LinearRing>
        </outerBoundaryIs>
      </Polygon>
    </Placemark>
    <Placemark>
      <name>FMU22-4</name>
      <styleUrl>#poly-7CB342-2901-77-nodesc</styleUrl>
      <Polygon>
        <outerBoundaryIs>
          <LinearRing>
            <tessellate>1</tessellate>
            <coordinates>
              101.627101,17.306024,0
              101.627774,17.304692,0
              101.628184,17.305403,0
              101.628271,17.305665,0
              101.628546,17.305631,0
              101.628799,17.305667,0
              101.628571,17.3064,0
              101.628713,17.306769,0
              101.628469,17.306884,0
              101.627101,17.306024,0
            </coordinates>
          </LinearRing>
        </outerBoundaryIs>
      </Polygon>
    </Placemark>
    <Placemark>
      <name>FMU22-5</name>
      <styleUrl>#poly-7CB342-3012-77-nodesc</styleUrl>
      <Polygon>
        <outerBoundaryIs>
          <LinearRing>
            <tessellate>1</tessellate>
            <coordinates>
              101.626318,17.3075709,0
              101.627101,17.306024,0
              101.628469,17.306884,0
              101.6277088,17.3079539,0
              101.627653,17.3081399,0
              101.626886,17.3077889,0
              101.626318,17.3075709,0
            </coordinates>
          </LinearRing>
        </outerBoundaryIs>
      </Polygon>
    </Placemark>
    <Placemark>
      <name>FMU22-6</name>
      <styleUrl>#poly-7CB342-2201-77-nodesc</styleUrl>
      <Polygon>
        <outerBoundaryIs>
          <LinearRing>
            <tessellate>1</tessellate>
            <coordinates>
              101.625529,17.307272,0
              101.625999,17.306475,0
              101.626574,17.305838,0
              101.62688,17.305296,0
              101.626776,17.305169,0
              101.627171,17.304462,0
              101.627199,17.30425,0
              101.6265255,17.3036564,0
              101.62645,17.302687,0
              101.626557,17.302469,0
              101.627719,17.303263,0
              101.62749,17.303827,0
              101.627532,17.304333,0
              101.627605,17.304551,0
              101.627774,17.304692,0
              101.626318,17.3075709,0
              101.625529,17.307272,0
            </coordinates>
          </LinearRing>
        </outerBoundaryIs>
      </Polygon>
    </Placemark>
    <Placemark>
      <name>FMU23-1</name>
      <styleUrl>#poly-7CB342-1200-77-nodesc</styleUrl>
      <Polygon>
        <outerBoundaryIs>
          <LinearRing>
            <tessellate>1</tessellate>
            <coordinates>
              101.6450611,17.2868491,0
              101.644455,17.28688,0
              101.644433,17.286694,0
              101.642257,17.286942,0
              101.642214,17.28513,0
              101.6433606,17.2852356,0
              101.6435269,17.2857683,0
              101.6433874,17.2858247,0
              101.6434303,17.2859681,0
              101.6436234,17.2860142,0
              101.6440741,17.2867108,0
              101.6443637,17.2865161,0
              101.6438219,17.2857017,0
              101.6438541,17.2852049,0
              101.643654,17.285216,0
              101.643923,17.284955,0
              101.644786,17.285628,0
              101.6448894,17.2857529,0
              101.6448197,17.2859886,0
              101.6449431,17.2861678,0
              101.6452596,17.2863471,0
              101.6453347,17.2864496,0
              101.645265,17.2865674,0
              101.6451416,17.286593,0
              101.6450611,17.2868491,0
            </coordinates>
          </LinearRing>
        </outerBoundaryIs>
      </Polygon>
    </Placemark>
    <Placemark>
      <name>FMU23-1</name>
      <styleUrl>#poly-B2EBF2-1200-77-nodesc</styleUrl>
      <Polygon>
        <outerBoundaryIs>
          <LinearRing>
            <tessellate>1</tessellate>
            <coordinates>
              101.6440741,17.2867108,0
              101.6436234,17.2860142,0
              101.6434303,17.2859681,0
              101.6433874,17.2858247,0
              101.6435269,17.2857683,0
              101.6433606,17.2852356,0
              101.6438541,17.2852049,0
              101.6438219,17.2857017,0
              101.6443637,17.2865161,0
              101.6440741,17.2867108,0
            </coordinates>
          </LinearRing>
        </outerBoundaryIs>
      </Polygon>
    </Placemark>
    <Placemark>
      <name>FMU23-2</name>
      <styleUrl>#poly-7CB342-2901-77-nodesc</styleUrl>
      <Polygon>
        <outerBoundaryIs>
          <LinearRing>
            <tessellate>1</tessellate>
            <coordinates>
              101.641826,17.2886539,0
              101.640755,17.288327,0
              101.6412895,17.2867894,0
              101.642239,17.2869568,0
              101.6444384,17.2867042,0
              101.6444604,17.2868902,0
              101.6451857,17.2868762,0
              101.6448644,17.2882912,0
              101.6444084,17.2883762,0
              101.643804,17.288313,0
              101.6424713,17.2883982,0
              101.6421889,17.2884851,0
              101.641826,17.2886539,0
            </coordinates>
          </LinearRing>
        </outerBoundaryIs>
      </Polygon>
    </Placemark>
    <Placemark>
      <name>FMU23-3</name>
      <styleUrl>#poly-7CB342-3001-77-nodesc</styleUrl>
      <Polygon>
        <outerBoundaryIs>
          <LinearRing>
            <tessellate>1</tessellate>
            <coordinates>
              101.63924,17.287827,0
              101.641308,17.284056,0
              101.6416668,17.2844744,0
              101.6412895,17.2867894,0
              101.6406965,17.2883206,0
              101.63924,17.287827,0
            </coordinates>
          </LinearRing>
        </outerBoundaryIs>
      </Polygon>
    </Placemark>
    <Placemark>
      <name>FMU23-3</name>
      <styleUrl>#poly-B2EBF2-1200-77-nodesc</styleUrl>
      <Polygon>
        <outerBoundaryIs>
          <LinearRing>
            <tessellate>1</tessellate>
            <coordinates>
              101.6399981,17.2880687,0
              101.6396495,17.2879675,0
              101.6397085,17.287924,0
              101.6397514,17.2878472,0
              101.6396978,17.2877242,0
              101.6397353,17.2875962,0
              101.6398235,17.2875452,0
              101.6399791,17.2873813,0
              101.6400864,17.287284,0
              101.6400945,17.2870689,0
              101.6401212,17.2869357,0
              101.6401829,17.2868384,0
              101.6402151,17.286636,0
              101.6403063,17.2865516,0
              101.64036,17.2864798,0
              101.6403816,17.2862503,0
              101.6403709,17.286153,0
              101.6404514,17.2859276,0
              101.640505,17.2857586,0
              101.6405614,17.2855947,0
              101.6406231,17.2854462,0
              101.6406123,17.2853181,0
              101.6407679,17.285062,0
              101.6408644,17.2850082,0
              101.6409462,17.2848981,0
              101.6410763,17.2846906,0
              101.64114,17.2845088,0
              101.6411018,17.2844345,0
              101.6412399,17.2841784,0
              101.6414571,17.2843449,0
              101.6414679,17.2845062,0
              101.6414049,17.2846317,0
              101.6413875,17.2848417,0
              101.6412265,17.2850377,0
              101.6411219,17.2850467,0
              101.6410441,17.2851696,0
              101.6409449,17.2852848,0
              101.6408832,17.2854167,0
              101.6408859,17.2856383,0
              101.6408591,17.2857279,0
              101.640725,17.285797,0
              101.6407357,17.2859994,0
              101.6408188,17.2860506,0
              101.640623,17.2862222,0
              101.6405573,17.2863669,0
              101.6405479,17.2864834,0
              101.6405412,17.2865704,0
              101.6404701,17.2866831,0
              101.6404138,17.2868368,0
              101.6404111,17.2869981,0
              101.6403628,17.2873619,0
              101.6400249,17.2875846,0
              101.639923,17.2877076,0
              101.6399498,17.2878484,0
              101.6399525,17.2879714,0
              101.6399981,17.2880687,0
            </coordinates>
          </LinearRing>
        </outerBoundaryIs>
      </Polygon>
    </Placemark>
    <Placemark>
      <name>FMU24-1</name>
      <styleUrl>#poly-7CB342-2501-77-nodesc</styleUrl>
      <Polygon>
        <outerBoundaryIs>
          <LinearRing>
            <tessellate>1</tessellate>
            <coordinates>
              101.638709,17.2876869,0
              101.6387519,17.2873693,0
              101.638261,17.28639,0
              101.6381726,17.2859249,0
              101.6383871,17.2854229,0
              101.6389772,17.2847263,0
              101.6390791,17.2842909,0
              101.641308,17.284056,0
              101.63924,17.287827,0
              101.638709,17.2876869,0
            </coordinates>
          </LinearRing>
        </outerBoundaryIs>
      </Polygon>
    </Placemark>
    <Placemark>
      <name>FMU24-2</name>
      <styleUrl>#poly-7CB342-2112-77-nodesc</styleUrl>
      <Polygon>
        <outerBoundaryIs>
          <LinearRing>
            <tessellate>1</tessellate>
            <coordinates>
              101.6388783,17.2830164,0
              101.6387496,17.2827501,0
              101.638932,17.2826784,0
              101.6394878,17.2823626,0
              101.6398418,17.2822294,0
              101.6401637,17.2822397,0
              101.6404427,17.2825163,0
              101.6408825,17.2824241,0
              101.6407002,17.2829363,0
              101.6415692,17.2828748,0
              101.6413975,17.2823114,0
              101.6416443,17.2821884,0
              101.642325,17.282983,0
              101.6416578,17.2832721,0
              101.6427896,17.2841634,0
              101.6430203,17.2849215,0
              101.643015,17.2850905,0
              101.6431437,17.2851878,0
              101.642214,17.2851274,0
              101.6403911,17.2830369,0
              101.6388783,17.2830164,0
            </coordinates>
          </LinearRing>
        </outerBoundaryIs>
      </Polygon>
    </Placemark>
    <Placemark>
      <name>FMU24-3</name>
      <styleUrl>#poly-7CB342-2501-69-nodesc</styleUrl>
      <Polygon>
        <outerBoundaryIs>
          <LinearRing>
            <tessellate>1</tessellate>
            <coordinates>
              101.6367865,17.282137,0
              101.6370547,17.2822702,0
              101.6373659,17.2822395,0
              101.6377843,17.2821678,0
              101.6380311,17.2823317,0
              101.6383851,17.2824853,0
              101.6387496,17.2827501,0
              101.6388783,17.2830164,0
              101.6403911,17.2830369,0
              101.641308,17.284056,0
              101.6390791,17.2842909,0
              101.6388894,17.2839605,0
              101.6388357,17.2835303,0
              101.6370976,17.2837454,0
              101.6367865,17.282137,0
            </coordinates>
          </LinearRing>
        </outerBoundaryIs>
      </Polygon>
    </Placemark>
    <Placemark>
      <name>FMU25</name>
      <styleUrl>#poly-7CB342-2000-82-nodesc</styleUrl>
      <Polygon>
        <outerBoundaryIs>
          <LinearRing>
            <tessellate>1</tessellate>
            <coordinates>
              101.760326,17.410224,0
              101.760258,17.410026,0
              101.761133,17.409709,0
              101.761402,17.410358,0
              101.76128,17.410563,0
              101.761178,17.410494,0
              101.76083,17.410433,0
              101.760811,17.410326,0
              101.760326,17.410224,0
            </coordinates>
          </LinearRing>
        </outerBoundaryIs>
      </Polygon>
    </Placemark>
    <Placemark>
      <name>FMU26</name>
      <styleUrl>#poly-7CB342-2000-77-nodesc</styleUrl>
      <Polygon>
        <outerBoundaryIs>
          <LinearRing>
            <tessellate>1</tessellate>
            <coordinates>
              101.773812,17.414452,0
              101.773531,17.413663,0
              101.773872,17.413578,0
              101.774185,17.412734,0
              101.77426,17.412716,0
              101.774789,17.41291,0
              101.774407,17.413805,0
              101.773812,17.414452,0
            </coordinates>
          </LinearRing>
        </outerBoundaryIs>
      </Polygon>
    </Placemark>
    <Placemark>
      <name>FMU27-1</name>
      <styleUrl>#poly-7CB342-2000-77-nodesc</styleUrl>
      <Polygon>
        <outerBoundaryIs>
          <LinearRing>
            <tessellate>1</tessellate>
            <coordinates>
              101.758845,17.40457,0
              101.759001,17.403874,0
              101.759167,17.403833,0
              101.759223,17.403753,0
              101.759226,17.403718,0
              101.75917,17.403641,0
              101.759253,17.403423,0
              101.759604,17.4035,0
              101.759486,17.403932,0
              101.75936,17.404713,0
              101.758845,17.40457,0
            </coordinates>
          </LinearRing>
        </outerBoundaryIs>
      </Polygon>
    </Placemark>
    <Placemark>
      <name>FMU27-1</name>
      <styleUrl>#poly-B2EBF2-3000-77-nodesc</styleUrl>
      <Polygon>
        <outerBoundaryIs>
          <LinearRing>
            <tessellate>1</tessellate>
            <coordinates>
              101.7584744,17.404048,0
              101.7584814,17.404034,0
              101.7586854,17.404103,0
              101.7585794,17.404469,0
              101.7583874,17.4044,0
              101.7584744,17.404048,0
            </coordinates>
          </LinearRing>
        </outerBoundaryIs>
      </Polygon>
    </Placemark>
    <Placemark>
      <name>FMU27-2</name>
      <styleUrl>#poly-7CB342-2000-77-nodesc</styleUrl>
      <Polygon>
        <outerBoundaryIs>
          <LinearRing>
            <tessellate>1</tessellate>
            <coordinates>
              101.760154,17.407537,0
              101.760332,17.406751,0
              101.760444,17.406764,0
              101.760715,17.407568,0
              101.760154,17.407537,0
            </coordinates>
          </LinearRing>
        </outerBoundaryIs>
      </Polygon>
    </Placemark>
    <Placemark>
      <name>FMU28-1</name>
      <styleUrl>#poly-7CB342-2000-79-nodesc</styleUrl>
      <Polygon>
        <outerBoundaryIs>
          <LinearRing>
            <tessellate>1</tessellate>
            <coordinates>
              101.776031,17.417789,0
              101.775875,17.416125,0
              101.77639,17.416054,0
              101.777061,17.41632,0
              101.777621,17.416589,0
              101.777136,17.417333,0
              101.776404,17.417702,0
              101.776031,17.417789,0
            </coordinates>
          </LinearRing>
        </outerBoundaryIs>
      </Polygon>
    </Placemark>
    <Placemark>
      <name>FMU28-2</name>
      <styleUrl>#poly-7CB342-2000-74-nodesc</styleUrl>
      <Polygon>
        <outerBoundaryIs>
          <LinearRing>
            <tessellate>1</tessellate>
            <coordinates>
              101.758648,17.408299,0
              101.759812,17.408281,0
              101.759787,17.408833,0
              101.759634,17.408918,0
              101.759672,17.409097,0
              101.758379,17.409192,0
              101.758459,17.408768,0
              101.758636,17.40832,0
              101.758648,17.408299,0
            </coordinates>
          </LinearRing>
        </outerBoundaryIs>
      </Polygon>
    </Placemark>
    <Placemark>
      <name>FMU28-3</name>
      <styleUrl>#poly-7CB342-2000-77-nodesc</styleUrl>
      <Polygon>
        <outerBoundaryIs>
          <LinearRing>
            <tessellate>1</tessellate>
            <coordinates>
              101.759787,17.408833,0
              101.759795,17.409087,0
              101.759672,17.409097,0
              101.759634,17.408918,0
              101.759787,17.408833,0
            </coordinates>
          </LinearRing>
        </outerBoundaryIs>
      </Polygon>
    </Placemark>
    <Placemark>
      <name>FMU29-1</name>
      <styleUrl>#poly-7CB342-3000-77-nodesc</styleUrl>
      <Polygon>
        <outerBoundaryIs>
          <LinearRing>
            <tessellate>1</tessellate>
            <coordinates>
              101.75918,17.41266,0
              101.759159,17.412819,0
              101.758251,17.413035,0
              101.758302,17.41288,0
              101.75918,17.41266,0
            </coordinates>
          </LinearRing>
        </outerBoundaryIs>
      </Polygon>
    </Placemark>
    <Placemark>
      <name>FMU29-2</name>
      <styleUrl>#poly-7CB342-3000-77-nodesc</styleUrl>
      <Polygon>
        <outerBoundaryIs>
          <LinearRing>
            <tessellate>1</tessellate>
            <coordinates>
              101.759557,17.413352,0
              101.759464,17.413657,0
              101.759051,17.414046,0
              101.758137,17.414593,0
              101.757064,17.413512,0
              101.758004,17.413231,0
              101.758172,17.413625,0
              101.759169,17.41339,0
              101.759557,17.413352,0
            </coordinates>
          </LinearRing>
        </outerBoundaryIs>
      </Polygon>
    </Placemark>
    <Placemark>
      <name>FMU29-3</name>
      <styleUrl>#poly-7CB342-2000-77-nodesc</styleUrl>
      <Polygon>
        <outerBoundaryIs>
          <LinearRing>
            <tessellate>1</tessellate>
            <coordinates>
              101.759218,17.412832,0
              101.759169,17.41339,0
              101.758172,17.413625,0
              101.758017,17.41326,0
              101.757962,17.413102,0
              101.759159,17.412819,0
              101.759218,17.412832,0
            </coordinates>
          </LinearRing>
        </outerBoundaryIs>
      </Polygon>
    </Placemark>
    <Placemark>
      <name>FMU30-1</name>
      <styleUrl>#poly-7CB342-2000-77-nodesc</styleUrl>
      <Polygon>
        <outerBoundaryIs>
          <LinearRing>
            <tessellate>1</tessellate>
            <coordinates>
              101.761956,17.405605,0
              101.761893,17.405784,0
              101.761194,17.405837,0
              101.760746,17.405985,0
              101.760595,17.405583,0
              101.760742,17.405555,0
              101.761956,17.405605,0
            </coordinates>
          </LinearRing>
        </outerBoundaryIs>
      </Polygon>
    </Placemark>
    <Placemark>
      <name>FMU30-2</name>
      <styleUrl>#poly-7CB342-3000-77-nodesc</styleUrl>
      <MultiGeometry>
        <Polygon>
          <outerBoundaryIs>
            <LinearRing>
              <tessellate>1</tessellate>
              <coordinates>
                101.75825,17.405138,0
                101.758251,17.405136,0
                101.758431,17.405159,0
                101.75825,17.405138,0
              </coordinates>
            </LinearRing>
          </outerBoundaryIs>
        </Polygon>
        <Polygon>
          <outerBoundaryIs>
            <LinearRing>
              <tessellate>1</tessellate>
              <coordinates>
                101.758221,17.40519,0
                101.758189,17.405274,0
                101.75806,17.405441,0
                101.75794,17.405464,0
                101.757725,17.405359,0
                101.757709,17.405474,0
                101.757623,17.405479,0
                101.757669,17.405067,0
                101.75825,17.405138,0
                101.758221,17.40519,0
              </coordinates>
            </LinearRing>
          </outerBoundaryIs>
        </Polygon>
        <Polygon>
          <outerBoundaryIs>
            <LinearRing>
              <tessellate>1</tessellate>
              <coordinates>
                101.758431,17.405159,0
                101.759255,17.405259,0
                101.759236,17.405658,0
                101.75842,17.405602,0
                101.758414,17.405556,0
                101.758425,17.405469,0
                101.758447,17.405372,0
                101.758506,17.405282,0
                101.758565,17.405228,0
                101.758567,17.405177,0
                101.758431,17.405159,0
              </coordinates>
            </LinearRing>
          </outerBoundaryIs>
        </Polygon>
      </MultiGeometry>
    </Placemark>
    <Placemark>
      <name>FMU30-2</name>
      <styleUrl>#poly-B2EBF2-3000-87-nodesc</styleUrl>
      <Polygon>
        <outerBoundaryIs>
          <LinearRing>
            <tessellate>1</tessellate>
            <coordinates>
              101.758225,17.405471,0
              101.758246,17.405236,0
              101.758418,17.40525,0
              101.7584,17.405478,0
              101.758225,17.405471,0
            </coordinates>
          </LinearRing>
        </outerBoundaryIs>
      </Polygon>
    </Placemark>
    <Placemark>
      <name>FMU31-1</name>
      <styleUrl>#poly-7CB342-2000-77-nodesc</styleUrl>
      <Polygon>
        <outerBoundaryIs>
          <LinearRing>
            <tessellate>1</tessellate>
            <coordinates>
              101.760685,17.418852,0
              101.760571,17.41916,0
              101.759827,17.419,0
              101.759677,17.418824,0
              101.759068,17.418647,0
              101.759143,17.41845,0
              101.759325,17.418399,0
              101.759993,17.418568,0
              101.760511,17.418821,0
              101.760685,17.418852,0
            </coordinates>
          </LinearRing>
        </outerBoundaryIs>
      </Polygon>
    </Placemark>
    <Placemark>
      <name>FMU31-2</name>
      <styleUrl>#poly-7CB342-2112-77-nodesc</styleUrl>
      <Polygon>
        <outerBoundaryIs>
          <LinearRing>
            <tessellate>1</tessellate>
            <coordinates>
              101.760393,17.417584,0
              101.760413,17.417428,0
              101.761358,17.417116,0
              101.761476,17.417158,0
              101.76139,17.417844,0
              101.760393,17.417584,0
            </coordinates>
          </LinearRing>
        </outerBoundaryIs>
      </Polygon>
    </Placemark>
    <Placemark>
      <name>FMU31-3</name>
      <styleUrl>#poly-7CB342-3000-77-nodesc</styleUrl>
      <Polygon>
        <outerBoundaryIs>
          <LinearRing>
            <tessellate>1</tessellate>
            <coordinates>
              101.760393,17.417584,0
              101.759486,17.417596,0
              101.759396,17.417238,0
              101.760326,17.417158,0
              101.760413,17.417428,0
              101.760393,17.417584,0
            </coordinates>
          </LinearRing>
        </outerBoundaryIs>
      </Polygon>
    </Placemark>
    <Placemark>
      <name>FMU32</name>
      <styleUrl>#poly-7CB342-2000-77-nodesc</styleUrl>
      <Polygon>
        <outerBoundaryIs>
          <LinearRing>
            <tessellate>1</tessellate>
            <coordinates>
              101.765336,17.402332,0
              101.764725,17.402455,0
              101.764682,17.402911,0
              101.763753,17.403068,0
              101.763483,17.402933,0
              101.763582,17.402417,0
              101.763657,17.402266,0
              101.764702,17.40203,0
              101.765169,17.401871,0
              101.765168,17.401945,0
              101.765426,17.401976,0
              101.765336,17.402332,0
            </coordinates>
          </LinearRing>
        </outerBoundaryIs>
      </Polygon>
    </Placemark>
    <Placemark>
      <name>FMU33</name>
      <styleUrl>#poly-7CB342-2000-77-nodesc</styleUrl>
      <Polygon>
        <outerBoundaryIs>
          <LinearRing>
            <tessellate>1</tessellate>
            <coordinates>
              101.759194,17.423181,0
              101.759098,17.423645,0
              101.758852,17.424235,0
              101.758738,17.42417,0
              101.75862,17.424321,0
              101.758122,17.42413,0
              101.758118,17.423106,0
              101.759034,17.423117,0
              101.759194,17.423181,0
            </coordinates>
          </LinearRing>
        </outerBoundaryIs>
      </Polygon>
    </Placemark>
    <Placemark>
      <name>FMU34-1</name>
      <styleUrl>#poly-7CB342-2000-77-nodesc</styleUrl>
      <Polygon>
        <outerBoundaryIs>
          <LinearRing>
            <tessellate>1</tessellate>
            <coordinates>
              101.759996,17.42346,0
              101.759691,17.424346,0
              101.759508,17.424668,0
              101.758858,17.424235,0
              101.759104,17.423645,0
              101.7592,17.423181,0
              101.759921,17.423463,0
              101.759996,17.42346,0
            </coordinates>
          </LinearRing>
        </outerBoundaryIs>
      </Polygon>
    </Placemark>
    <Placemark>
      <name>FMU34-2</name>
      <styleUrl>#poly-7CB342-1200-77-nodesc</styleUrl>
      <Polygon>
        <outerBoundaryIs>
          <LinearRing>
            <tessellate>1</tessellate>
            <coordinates>
              101.7524572,17.4061954,0
              101.7519602,17.4060374,0
              101.7517742,17.4060494,0
              101.7518302,17.4054504,0
              101.7519102,17.4052054,0
              101.7527362,17.4039764,0
              101.7527732,17.4041654,0
              101.7529622,17.4045284,0
              101.7531062,17.4053164,0
              101.7524572,17.4061954,0
            </coordinates>
          </LinearRing>
        </outerBoundaryIs>
      </Polygon>
    </Placemark>
    <Placemark>
      <name>FMU35</name>
      <styleUrl>#poly-7CB342-2000-77-nodesc</styleUrl>
      <Polygon>
        <outerBoundaryIs>
          <LinearRing>
            <tessellate>1</tessellate>
            <coordinates>
              101.75946,17.415436,0
              101.759596,17.416296,0
              101.758903,17.416733,0
              101.758697,17.415602,0
              101.75946,17.415436,0
            </coordinates>
          </LinearRing>
        </outerBoundaryIs>
      </Polygon>
    </Placemark>
    <Placemark>
      <name>FMU36</name>
      <styleUrl>#poly-7CB342-3000-77-nodesc</styleUrl>
      <Polygon>
        <outerBoundaryIs>
          <LinearRing>
            <tessellate>1</tessellate>
            <coordinates>
              101.760078,17.422438,0
              101.759948,17.42308,0
              101.760069,17.423104,0
              101.759916,17.423463,0
              101.759034,17.423117,0
              101.758972,17.422287,0
              101.760078,17.422438,0
            </coordinates>
          </LinearRing>
        </outerBoundaryIs>
      </Polygon>
    </Placemark>
    <Placemark>
      <name>FMU37-1</name>
      <styleUrl>#poly-7CB342-3000-77-nodesc</styleUrl>
      <Polygon>
        <outerBoundaryIs>
          <LinearRing>
            <tessellate>1</tessellate>
            <coordinates>
              101.767332,17.406184,0
              101.76671,17.406711,0
              101.766149,17.406402,0
              101.76617,17.406121,0
              101.765959,17.405882,0
              101.765884,17.405478,0
              101.76666,17.405142,0
              101.767332,17.406184,0
            </coordinates>
          </LinearRing>
        </outerBoundaryIs>
      </Polygon>
    </Placemark>
    <Placemark>
      <name>FMU37-2</name>
      <styleUrl>#poly-7CB342-3000-77-nodesc</styleUrl>
      <Polygon>
        <outerBoundaryIs>
          <LinearRing>
            <tessellate>1</tessellate>
            <coordinates>
              101.757227,17.40267,0
              101.755108,17.403153,0
              101.754998,17.402752,0
              101.757112,17.40226,0
              101.757227,17.40267,0
            </coordinates>
          </LinearRing>
        </outerBoundaryIs>
      </Polygon>
    </Placemark>
    <Placemark>
      <name>FMU37-3</name>
      <styleUrl>#poly-7CB342-3000-79-nodesc</styleUrl>
      <Polygon>
        <outerBoundaryIs>
          <LinearRing>
            <tessellate>1</tessellate>
            <coordinates>
              101.760973,17.404248,0
              101.760879,17.404717,0
              101.759688,17.404742,0
              101.75946,17.404722,0
              101.759527,17.404264,0
              101.759896,17.404228,0
              101.760077,17.404205,0
              101.760096,17.404325,0
              101.76026,17.404319,0
              101.760973,17.404248,0
            </coordinates>
          </LinearRing>
        </outerBoundaryIs>
      </Polygon>
    </Placemark>
    <Placemark>
      <name>FMU38</name>
      <styleUrl>#poly-7CB342-3000-77-nodesc</styleUrl>
      <Polygon>
        <outerBoundaryIs>
          <LinearRing>
            <tessellate>1</tessellate>
            <coordinates>
              101.758202,17.414789,0
              101.758697,17.415602,0
              101.758903,17.416733,0
              101.759014,17.416949,0
              101.75844,17.417192,0
              101.758157,17.415999,0
              101.757846,17.415444,0
              101.757847,17.415237,0
              101.758202,17.414789,0
            </coordinates>
          </LinearRing>
        </outerBoundaryIs>
      </Polygon>
    </Placemark>
    <Placemark>
      <name>FMU39</name>
      <styleUrl>#poly-7CB342-3000-79-nodesc</styleUrl>
      <Polygon>
        <outerBoundaryIs>
          <LinearRing>
            <tessellate>1</tessellate>
            <coordinates>
              101.754832,17.427869,0
              101.754789,17.4281,0
              101.754716,17.428222,0
              101.754379,17.428261,0
              101.754287,17.428327,0
              101.754161,17.428506,0
              101.753976,17.42845,0
              101.754244,17.42805,0
              101.754206,17.427715,0
              101.754136,17.427505,0
              101.753992,17.427304,0
              101.753961,17.42712,0
              101.754079,17.427002,0
              101.754231,17.426962,0
              101.754253,17.427035,0
              101.754306,17.427142,0
              101.754801,17.427274,0
              101.755206,17.427511,0
              101.755118,17.427621,0
              101.755013,17.427813,0
              101.754832,17.427869,0
            </coordinates>
          </LinearRing>
        </outerBoundaryIs>
      </Polygon>
    </Placemark>
    <Placemark>
      <name>FMU40-1</name>
      <styleUrl>#poly-7CB342-3000-77-nodesc</styleUrl>
      <Polygon>
        <outerBoundaryIs>
          <LinearRing>
            <tessellate>1</tessellate>
            <coordinates>
              101.765226,17.406759,0
              101.764866,17.406969,0
              101.764437,17.406986,0
              101.764454,17.406128,0
              101.765163,17.405934,0
              101.765456,17.406053,0
              101.765428,17.406764,0
              101.765226,17.406759,0
            </coordinates>
          </LinearRing>
        </outerBoundaryIs>
      </Polygon>
    </Placemark>
    <Placemark>
      <name>FMU40-2</name>
      <styleUrl>#poly-7CB342-3000-77-nodesc</styleUrl>
      <Polygon>
        <outerBoundaryIs>
          <LinearRing>
            <tessellate>1</tessellate>
            <coordinates>
              101.774185,17.412734,0
              101.773998,17.413241,0
              101.77346,17.413075,0
              101.773822,17.412304,0
              101.774158,17.412377,0
              101.774185,17.412734,0
            </coordinates>
          </LinearRing>
        </outerBoundaryIs>
      </Polygon>
    </Placemark>
    <Placemark>
      <name>FMU40-3</name>
      <styleUrl>#poly-7CB342-3000-77-nodesc</styleUrl>
      <Polygon>
        <outerBoundaryIs>
          <LinearRing>
            <tessellate>1</tessellate>
            <coordinates>
              101.772056,17.410047,0
              101.771549,17.410592,0
              101.77136,17.410375,0
              101.771914,17.409858,0
              101.772056,17.410047,0
            </coordinates>
          </LinearRing>
        </outerBoundaryIs>
      </Polygon>
    </Placemark>
    <Placemark>
      <name>FMU40-4</name>
      <styleUrl>#poly-7CB342-3000-77-nodesc</styleUrl>
      <Polygon>
        <outerBoundaryIs>
          <LinearRing>
            <tessellate>1</tessellate>
            <coordinates>
              101.77136,17.410375,0
              101.771188,17.410175,0
              101.771778,17.409677,0
              101.771914,17.409858,0
              101.77136,17.410375,0
            </coordinates>
          </LinearRing>
        </outerBoundaryIs>
      </Polygon>
    </Placemark>
    <Placemark>
      <name>FMU41</name>
      <styleUrl>#poly-7CB342-3000-77-nodesc</styleUrl>
      <Polygon>
        <outerBoundaryIs>
          <LinearRing>
            <tessellate>1</tessellate>
            <coordinates>
              101.748177,17.409621,0
              101.74796,17.409545,0
              101.747508,17.409449,0
              101.747582,17.409344,0
              101.747082,17.409152,0
              101.74749,17.408438,0
              101.748177,17.409621,0
            </coordinates>
          </LinearRing>
        </outerBoundaryIs>
      </Polygon>
    </Placemark>
    <Placemark>
      <name>FMU42-1</name>
      <styleUrl>#poly-7CB342-3000-77-nodesc</styleUrl>
      <Polygon>
        <outerBoundaryIs>
          <LinearRing>
            <tessellate>1</tessellate>
            <coordinates>
              101.770963,17.411426,0
              101.770632,17.41149,0
              101.770297,17.410968,0
              101.771068,17.410179,0
              101.771509,17.410716,0
              101.770963,17.411426,0
            </coordinates>
          </LinearRing>
        </outerBoundaryIs>
      </Polygon>
    </Placemark>
    <Placemark>
      <name>FMU42-2</name>
      <styleUrl>#poly-7CB342-3000-77-nodesc</styleUrl>
      <Polygon>
        <outerBoundaryIs>
          <LinearRing>
            <tessellate>1</tessellate>
            <coordinates>
              101.769678,17.411299,0
              101.769963,17.409948,0
              101.769886,17.409381,0
              101.770087,17.408815,0
              101.77037,17.408518,0
              101.770543,17.408934,0
              101.770363,17.409031,0
              101.770602,17.409597,0
              101.770792,17.409517,0
              101.771049,17.410169,0
              101.77029,17.41096,0
              101.769678,17.411299,0
            </coordinates>
          </LinearRing>
        </outerBoundaryIs>
      </Polygon>
    </Placemark>
    <Placemark>
      <name>FMU43</name>
      <styleUrl>#poly-7CB342-3000-77-nodesc</styleUrl>
      <Polygon>
        <outerBoundaryIs>
          <LinearRing>
            <tessellate>1</tessellate>
            <coordinates>
              101.759297,17.40647,0
              101.75938,17.405262,0
              101.760214,17.405229,0
              101.760595,17.405583,0
              101.760778,17.406079,0
              101.76036,17.40637,0
              101.760231,17.406429,0
              101.759981,17.40648,0
              101.759297,17.40647,0
            </coordinates>
          </LinearRing>
        </outerBoundaryIs>
      </Polygon>
    </Placemark>
    <Placemark>
      <name>FMU44</name>
      <styleUrl>#poly-7CB342-2601-77-nodesc</styleUrl>
      <Polygon>
        <outerBoundaryIs>
          <LinearRing>
            <tessellate>1</tessellate>
            <coordinates>
              101.7718802,17.4091189,0
              101.7717425,17.4089953,0
              101.7715602,17.4086933,0
              101.7717372,17.4081405,0
              101.771764,17.4080484,0
              101.771705,17.4078641,0
              101.7709862,17.4078846,0
              101.7710613,17.4076798,0
              101.7710559,17.4074239,0
              101.7709969,17.4071372,0
              101.7708628,17.406953,0
              101.7710637,17.4068319,0
              101.771922,17.4069087,0
              101.7723148,17.4074911,0
              101.7721646,17.4086736,0
              101.7718802,17.4091189,0
            </coordinates>
          </LinearRing>
        </outerBoundaryIs>
      </Polygon>
    </Placemark>
    <Placemark>
      <name>FMU44</name>
      <styleUrl>#poly-B2EBF2-3001-77-nodesc</styleUrl>
      <Polygon>
        <outerBoundaryIs>
          <LinearRing>
            <tessellate>1</tessellate>
            <coordinates>
              101.7715341,17.409025,0
              101.7713088,17.4087409,0
              101.7715602,17.4086933,0
              101.771731,17.408975,0
              101.7715341,17.409025,0
            </coordinates>
          </LinearRing>
        </outerBoundaryIs>
      </Polygon>
    </Placemark>
    <Placemark>
      <name>FMU45</name>
      <styleUrl>#poly-7CB342-3000-77-nodesc</styleUrl>
      <Polygon>
        <outerBoundaryIs>
          <LinearRing>
            <tessellate>1</tessellate>
            <coordinates>
              101.759061,17.407059,0
              101.757661,17.406782,0
              101.757682,17.406447,0
              101.757508,17.406434,0
              101.75753,17.406063,0
              101.759172,17.406157,0
              101.759145,17.406909,0
              101.759061,17.407059,0
            </coordinates>
          </LinearRing>
        </outerBoundaryIs>
      </Polygon>
    </Placemark>
    <Placemark>
      <name>FMU45</name>
      <styleUrl>#poly-B2EBF2-3000-77-nodesc</styleUrl>
      <Polygon>
        <outerBoundaryIs>
          <LinearRing>
            <tessellate>1</tessellate>
            <coordinates>
              101.75807,17.406726,0
              101.758075,17.40663,0
              101.75815,17.406633,0
              101.758146,17.406727,0
              101.75807,17.406726,0
            </coordinates>
          </LinearRing>
        </outerBoundaryIs>
      </Polygon>
    </Placemark>
    <Placemark>
      <name>FMU46</name>
      <styleUrl>#poly-7CB342-1200-77-nodesc</styleUrl>
      <Polygon>
        <outerBoundaryIs>
          <LinearRing>
            <tessellate>1</tessellate>
            <coordinates>
              101.7588688,17.4007162,0
              101.7569147,17.4014214,0
              101.7567766,17.4010732,0
              101.7587748,17.400491,0
              101.7588688,17.4007162,0
            </coordinates>
          </LinearRing>
        </outerBoundaryIs>
      </Polygon>
    </Placemark>
    <Placemark>
      <name>FMU47-1</name>
      <styleUrl>#poly-7CB342-3000-77-nodesc</styleUrl>
      <Polygon>
        <outerBoundaryIs>
          <LinearRing>
            <tessellate>1</tessellate>
            <coordinates>
              101.764454,17.406128,0
              101.764059,17.405566,0
              101.763845,17.405592,0
              101.763679,17.404506,0
              101.764781,17.404473,0
              101.765301,17.405435,0
              101.765163,17.405934,0
              101.764454,17.406128,0
            </coordinates>
          </LinearRing>
        </outerBoundaryIs>
      </Polygon>
    </Placemark>
    <Placemark>
      <name>FMU47-2</name>
      <styleUrl>#poly-7CB342-3000-77-nodesc</styleUrl>
      <Polygon>
        <outerBoundaryIs>
          <LinearRing>
            <tessellate>1</tessellate>
            <coordinates>
              101.757568,17.406056,0
              101.757575,17.405879,0
              101.758053,17.405887,0
              101.75806,17.405711,0
              101.758061,17.405572,0
              101.759238,17.405658,0
              101.759172,17.406157,0
              101.757568,17.406056,0
            </coordinates>
          </LinearRing>
        </outerBoundaryIs>
      </Polygon>
    </Placemark>
    <Placemark>
      <name>FMU48</name>
      <styleUrl>#poly-7CB342-3000-77-nodesc</styleUrl>
      <Polygon>
        <outerBoundaryIs>
          <LinearRing>
            <tessellate>1</tessellate>
            <coordinates>
              101.757739,17.415062,0
              101.757358,17.414742,0
              101.756542,17.414046,0
              101.757033,17.413559,0
              101.758098,17.414612,0
              101.757739,17.415062,0
            </coordinates>
          </LinearRing>
        </outerBoundaryIs>
      </Polygon>
    </Placemark>
    <Placemark>
      <name>FMU48</name>
      <styleUrl>#poly-B2EBF2-3000-77-nodesc</styleUrl>
      <Polygon>
        <outerBoundaryIs>
          <LinearRing>
            <tessellate>1</tessellate>
            <coordinates>
              101.756338,17.414627,0
              101.75675,17.414229,0
              101.757155,17.414574,0
              101.756909,17.414798,0
              101.756607,17.414842,0
              101.756338,17.414627,0
            </coordinates>
          </LinearRing>
        </outerBoundaryIs>
      </Polygon>
    </Placemark>
    <Placemark>
      <name>FMU49-1</name>
      <styleUrl>#poly-7CB342-3000-77-nodesc</styleUrl>
      <Polygon>
        <outerBoundaryIs>
          <LinearRing>
            <tessellate>1</tessellate>
            <coordinates>
              101.759954,17.4088,0
              101.759999,17.408273,0
              101.760671,17.408269,0
              101.760658,17.408757,0
              101.759954,17.4088,0
            </coordinates>
          </LinearRing>
        </outerBoundaryIs>
      </Polygon>
    </Placemark>
    <Placemark>
      <name>FMU49-2</name>
      <styleUrl>#poly-7CB342-3000-77-nodesc</styleUrl>
      <Polygon>
        <outerBoundaryIs>
          <LinearRing>
            <tessellate>1</tessellate>
            <coordinates>
              101.760658,17.408757,0
              101.760671,17.408269,0
              101.760944,17.408289,0
              101.760924,17.408751,0
              101.760658,17.408757,0
            </coordinates>
          </LinearRing>
        </outerBoundaryIs>
      </Polygon>
    </Placemark>
    <Placemark>
      <name>FMU49-3</name>
      <styleUrl>#poly-7CB342-3000-77-nodesc</styleUrl>
      <Polygon>
        <outerBoundaryIs>
          <LinearRing>
            <tessellate>1</tessellate>
            <coordinates>
              101.731036,17.396999,0
              101.731052,17.39651,0
              101.731929,17.396541,0
              101.732162,17.397209,0
              101.731036,17.396999,0
            </coordinates>
          </LinearRing>
        </outerBoundaryIs>
      </Polygon>
    </Placemark>
    <Placemark>
      <name>FMU49-4</name>
      <styleUrl>#poly-7CB342-3000-77-nodesc</styleUrl>
      <Polygon>
        <outerBoundaryIs>
          <LinearRing>
            <tessellate>1</tessellate>
            <coordinates>
              101.728364,17.396889,0
              101.72845,17.396408,0
              101.729551,17.396398,0
              101.729506,17.397135,0
              101.728873,17.396953,0
              101.728439,17.396974,0
              101.728364,17.396889,0
            </coordinates>
          </LinearRing>
        </outerBoundaryIs>
      </Polygon>
    </Placemark>
    <Placemark>
      <name>FMU50</name>
      <styleUrl>#poly-7CB342-2301-77-nodesc</styleUrl>
      <Polygon>
        <outerBoundaryIs>
          <LinearRing>
            <tessellate>1</tessellate>
            <coordinates>
              101.7753827,17.4139268,0
              101.7752379,17.4132461,0
              101.7752486,17.4127291,0
              101.7760103,17.4128878,0
              101.7762303,17.4134969,0
              101.7753827,17.4139268,0
            </coordinates>
          </LinearRing>
        </outerBoundaryIs>
      </Polygon>
    </Placemark>
    <Placemark>
      <name>FMU51-1</name>
      <styleUrl>#poly-7CB342-1801-77-nodesc</styleUrl>
      <Polygon>
        <outerBoundaryIs>
          <LinearRing>
            <tessellate>1</tessellate>
            <coordinates>
              101.775762,17.4204734,0
              101.7759122,17.4205758,0
              101.7760839,17.420627,0
              101.7762877,17.420673,0
              101.7764916,17.4206372,0
              101.776631,17.4205809,0
              101.7768832,17.4203864,0
              101.7768295,17.4202789,0
              101.7769529,17.4201254,0
              101.7768188,17.4197722,0
              101.7769207,17.4194293,0
              101.7768778,17.4192348,0
              101.7767383,17.4190761,0
              101.7771299,17.4187997,0
              101.7774535,17.4192031,0
              101.7780168,17.419761,0
              101.7777003,17.42058,0
              101.7774535,17.4209639,0
              101.7770941,17.4212658,0
              101.7764388,17.4210788,0
              101.7759024,17.4207052,0
              101.775762,17.4204734,0
            </coordinates>
          </LinearRing>
        </outerBoundaryIs>
      </Polygon>
    </Placemark>
    <Placemark>
      <name>FMU51-2</name>
      <styleUrl>#poly-7CB342-1200-77-nodesc</styleUrl>
      <Polygon>
        <outerBoundaryIs>
          <LinearRing>
            <tessellate>1</tessellate>
            <coordinates>
              101.7767791,17.4177167,0
              101.7769615,17.4176451,0
              101.7771004,17.4174841,0
              101.777321,17.4171947,0
              101.7780291,17.4161044,0
              101.7782275,17.4165446,0
              101.7787425,17.4166419,0
              101.7789035,17.4168671,0
              101.7777662,17.4181057,0
              101.7776482,17.4179982,0
              101.7772137,17.4180238,0
              101.7768918,17.4179471,0
              101.7767791,17.4177167,0
            </coordinates>
          </LinearRing>
        </outerBoundaryIs>
      </Polygon>
    </Placemark>
    <Placemark>
      <name>FMU52-1</name>
      <styleUrl>#poly-7CB342-2201-71-nodesc</styleUrl>
      <Polygon>
        <outerBoundaryIs>
          <LinearRing>
            <tessellate>1</tessellate>
            <coordinates>
              101.750304,17.4069963,0
              101.7501565,17.4063206,0
              101.7508351,17.4063206,0
              101.7508538,17.4069911,0
              101.750304,17.4069963,0
            </coordinates>
          </LinearRing>
        </outerBoundaryIs>
      </Polygon>
    </Placemark>
    <Placemark>
      <name>FMU52-2</name>
      <styleUrl>#poly-7CB342-2301-77-nodesc</styleUrl>
      <Polygon>
        <outerBoundaryIs>
          <LinearRing>
            <tessellate>1</tessellate>
            <coordinates>
              101.7508538,17.4069911,0
              101.7508351,17.4063206,0
              101.7508787,17.4062753,0
              101.7516727,17.4063931,0
              101.7513776,17.4069664,0
              101.7508538,17.4069911,0
            </coordinates>
          </LinearRing>
        </outerBoundaryIs>
      </Polygon>
    </Placemark>
    <Placemark>
      <name>FMU53</name>
      <styleUrl>#poly-7CB342-2301-71-nodesc</styleUrl>
      <Polygon>
        <outerBoundaryIs>
          <LinearRing>
            <tessellate>1</tessellate>
            <coordinates>
              101.7707178,17.3963855,0
              101.7703315,17.3947627,0
              101.7714152,17.3947883,0
              101.7714205,17.3955357,0
              101.7714688,17.3956586,0
              101.7712059,17.3958992,0
              101.7709216,17.3962831,0
              101.7707178,17.3963855,0
            </coordinates>
          </LinearRing>
        </outerBoundaryIs>
      </Polygon>
    </Placemark>
    <Placemark>
      <name>FMU54</name>
      <styleUrl>#poly-7CB342-2401-77-nodesc</styleUrl>
      <Polygon>
        <outerBoundaryIs>
          <LinearRing>
            <tessellate>1</tessellate>
            <coordinates>
              101.7729171,17.4127055,0
              101.7731746,17.4119838,0
              101.773822,17.412304,0
              101.77346,17.413075,0
              101.7729171,17.4127055,0
            </coordinates>
          </LinearRing>
        </outerBoundaryIs>
      </Polygon>
    </Placemark>
    <Placemark>
      <name>FMU55</name>
      <styleUrl>#poly-7CB342-1801-74-nodesc</styleUrl>
      <Polygon>
        <outerBoundaryIs>
          <LinearRing>
            <tessellate>1</tessellate>
            <coordinates>
              101.759999,17.408273,0
              101.7600663,17.4075399,0
              101.760715,17.407568,0
              101.760671,17.408269,0
              101.759999,17.408273,0
            </coordinates>
          </LinearRing>
        </outerBoundaryIs>
      </Polygon>
    </Placemark>
    <Placemark>
      <name>FMU56</name>
      <styleUrl>#poly-7CB342-2001-69-nodesc</styleUrl>
      <Polygon>
        <outerBoundaryIs>
          <LinearRing>
            <tessellate>1</tessellate>
            <coordinates>
              101.964018,17.050826,0
              101.964909,17.050396,0
              101.9655,17.051691,0
              101.964356,17.052288,0
              101.963938,17.052306,0
              101.963627,17.052216,0
              101.963415,17.052006,0
              101.963375,17.051816,0
              101.963697,17.051144,0
              101.963187,17.05075,0
              101.964018,17.050826,0
            </coordinates>
          </LinearRing>
        </outerBoundaryIs>
      </Polygon>
    </Placemark>
    <Placemark>
      <name>FMU57</name>
      <styleUrl>#poly-7CB342-2001-71-nodesc</styleUrl>
      <Polygon>
        <outerBoundaryIs>
          <LinearRing>
            <tessellate>1</tessellate>
            <coordinates>
              101.9413327,17.0549803,0
              101.94116,17.054413,0
              101.941414,17.054271,0
              101.941547,17.054911,0
              101.9413327,17.0549803,0
            </coordinates>
          </LinearRing>
        </outerBoundaryIs>
      </Polygon>
    </Placemark>
    <Placemark>
      <name>FMU58</name>
      <styleUrl>#poly-7CB342-2501-77-nodesc</styleUrl>
      <Polygon>
        <outerBoundaryIs>
          <LinearRing>
            <tessellate>1</tessellate>
            <coordinates>
              101.978268,17.053588,0
              101.978492,17.052958,0
              101.98051,17.053582,0
              101.980258,17.054222,0
              101.978268,17.053588,0
            </coordinates>
          </LinearRing>
        </outerBoundaryIs>
      </Polygon>
    </Placemark>
    <Placemark>
      <name>FMU59</name>
      <styleUrl>#poly-7CB342-1901-77-nodesc</styleUrl>
      <Polygon>
        <outerBoundaryIs>
          <LinearRing>
            <tessellate>1</tessellate>
            <coordinates>
              101.939887,17.057708,0
              101.939664,17.054555,0
              101.939937,17.054524,0
              101.940131,17.057777,0
              101.939887,17.057708,0
            </coordinates>
          </LinearRing>
        </outerBoundaryIs>
      </Polygon>
    </Placemark>
    <Placemark>
      <name>FMU60-1</name>
      <styleUrl>#poly-7CB342-2001-77-nodesc</styleUrl>
      <Polygon>
        <outerBoundaryIs>
          <LinearRing>
            <tessellate>1</tessellate>
            <coordinates>
              101.960774,17.052897,0
              101.959969,17.052676,0
              101.9601866,17.0519038,0
              101.960988,17.052094,0
              101.960774,17.052897,0
            </coordinates>
          </LinearRing>
        </outerBoundaryIs>
      </Polygon>
    </Placemark>
    <Placemark>
      <name>FMU60-2</name>
      <styleUrl>#poly-7CB342-1801-77-nodesc</styleUrl>
      <Polygon>
        <outerBoundaryIs>
          <LinearRing>
            <tessellate>1</tessellate>
            <coordinates>
              101.959548,17.0526282,0
              101.958018,17.052152,0
              101.958696,17.051477,0
              101.9589,17.051544,0
              101.958973,17.051488,0
              101.959131,17.051488,0
              101.95941,17.051654,0
              101.960064,17.051913,0
              101.959956,17.052273,0
              101.9596178,17.0524282,0
              101.959548,17.0526282,0
            </coordinates>
          </LinearRing>
        </outerBoundaryIs>
      </Polygon>
    </Placemark>
    <Placemark>
      <name>FMU61</name>
      <styleUrl>#poly-AFB42B-2101-77-nodesc</styleUrl>
      <Polygon>
        <outerBoundaryIs>
          <LinearRing>
            <tessellate>1</tessellate>
            <coordinates>
              101.96736,17.052168,0
              101.9668663,17.0514834,0
              101.9668932,17.0512526,0
              101.9670273,17.0509705,0
              101.967585,17.050768,0
              101.967758,17.05203,0
              101.96736,17.052168,0
            </coordinates>
          </LinearRing>
        </outerBoundaryIs>
      </Polygon>
    </Placemark>
    <Placemark>
      <name>FMU62-1</name>
      <styleUrl>#poly-7CB342-2201-77-nodesc</styleUrl>
      <Polygon>
        <outerBoundaryIs>
          <LinearRing>
            <tessellate>1</tessellate>
            <coordinates>
              101.961745,17.0595161,0
              101.961375,17.059578,0
              101.96112,17.058675,0
              101.964231,17.057473,0
              101.964604,17.058988,0
              101.9617465,17.059521,0
              101.961745,17.0595161,0
            </coordinates>
          </LinearRing>
        </outerBoundaryIs>
        <innerBoundaryIs>
          <LinearRing>
            <tessellate>1</tessellate>
            <coordinates>
              101.961702,17.0593764,0
              101.9617065,17.0593755,0
              101.9617465,17.0595159,0
              101.961745,17.0595161,0
              101.961702,17.0593764,0
            </coordinates>
          </LinearRing>
        </innerBoundaryIs>
        <innerBoundaryIs>
          <LinearRing>
            <tessellate>1</tessellate>
            <coordinates>
              101.9616323,17.0591148,0
              101.9617811,17.0590841,0
              101.9616913,17.0585763,0
              101.9619997,17.0585251,0
              101.9621258,17.0592943,0
              101.9617065,17.0593755,0
              101.9616323,17.0591148,0
            </coordinates>
          </LinearRing>
        </innerBoundaryIs>
      </Polygon>
    </Placemark>
    <Placemark>
      <name>FMU62-1</name>
      <styleUrl>#poly-A1C2FA-2001-77-nodesc</styleUrl>
      <Polygon>
        <outerBoundaryIs>
          <LinearRing>
            <tessellate>1</tessellate>
            <coordinates>
              101.961702,17.0593764,0
              101.9616323,17.0591148,0
              101.9617811,17.0590841,0
              101.9616913,17.0585763,0
              101.9619997,17.0585251,0
              101.9621258,17.0592943,0
              101.961702,17.0593764,0
            </coordinates>
          </LinearRing>
        </outerBoundaryIs>
      </Polygon>
    </Placemark>
    <Placemark>
      <name>FMU62-2</name>
      <styleUrl>#poly-7CB342-1901-77-nodesc</styleUrl>
      <Polygon>
        <outerBoundaryIs>
          <LinearRing>
            <tessellate>1</tessellate>
            <coordinates>
              101.965098,17.05997,0
              101.964585,17.058911,0
              101.9644215,17.0582549,0
              101.9645664,17.0582651,0
              101.96475,17.058336,0
              101.9648078,17.0584395,0
              101.9648185,17.058619,0
              101.9648614,17.0587267,0
              101.9646576,17.0589113,0
              101.9647863,17.0591626,0
              101.9648614,17.0591267,0
              101.9649741,17.0591216,0
              101.965135,17.0590857,0
              101.9651135,17.058978,0
              101.9651296,17.0587985,0
              101.9652155,17.058778,0
              101.9652798,17.0586805,0
              101.9651672,17.0585933,0
              101.9650223,17.0583472,0
              101.9654247,17.0581574,0
              101.96543,17.0580754,0
              101.9653442,17.0580446,0
              101.9650599,17.0580959,0
              101.964899,17.0580138,0
              101.9646522,17.0580548,0
              101.9644537,17.0578036,0
              101.964231,17.057473,0
              101.965336,17.057073,0
              101.965875,17.058686,0
              101.965291,17.058875,0
              101.965098,17.05997,0
            </coordinates>
          </LinearRing>
        </outerBoundaryIs>
      </Polygon>
    </Placemark>
    <Placemark>
      <name>FMU63</name>
      <styleUrl>#poly-7CB342-2301-77-nodesc</styleUrl>
      <Polygon>
        <outerBoundaryIs>
          <LinearRing>
            <tessellate>1</tessellate>
            <coordinates>
              101.9349892,17.0588048,0
              101.9354392,17.0578918,0
              101.9353432,17.0574398,0
              101.9367102,17.0564148,0
              101.9369157,17.0578696,0
              101.9362982,17.0581888,0
              101.9349892,17.0588048,0
            </coordinates>
          </LinearRing>
        </outerBoundaryIs>
      </Polygon>
    </Placemark>
    <Placemark>
      <name>FMU64-1</name>
      <styleUrl>#poly-7CB342-1901-77-nodesc</styleUrl>
      <Polygon>
        <outerBoundaryIs>
          <LinearRing>
            <tessellate>1</tessellate>
            <coordinates>
              101.950716,17.056981,0
              101.951235,17.0566626,0
              101.9515858,17.0571623,0
              101.9518326,17.0570546,0
              101.95197,17.0574006,0
              101.951162,17.057692,0
              101.950716,17.056981,0
            </coordinates>
          </LinearRing>
        </outerBoundaryIs>
      </Polygon>
    </Placemark>
    <Placemark>
      <name>FMU64-2</name>
      <styleUrl>#poly-7CB342-1801-77-nodesc</styleUrl>
      <Polygon>
        <outerBoundaryIs>
          <LinearRing>
            <tessellate>1</tessellate>
            <coordinates>
              101.951115,17.05652,0
              101.9502407,17.0548201,0
              101.9507181,17.0545893,0
              101.951652,17.05617,0
              101.951115,17.05652,0
            </coordinates>
          </LinearRing>
        </outerBoundaryIs>
      </Polygon>
    </Placemark>
    <Placemark>
      <name>FMU65</name>
      <styleUrl>#poly-7CB342-2001-77-nodesc</styleUrl>
      <Polygon>
        <outerBoundaryIs>
          <LinearRing>
            <tessellate>1</tessellate>
            <coordinates>
              101.949034,17.057897,0
              101.948937,17.057764,0
              101.949501,17.057261,0
              101.949452,17.056902,0
              101.949248,17.056646,0
              101.948927,17.05643,0
              101.948594,17.056123,0
              101.948208,17.056148,0
              101.947583,17.054489,0
              101.94848,17.054064,0
              101.950311,17.057092,0
              101.949034,17.057897,0
            </coordinates>
          </LinearRing>
        </outerBoundaryIs>
      </Polygon>
    </Placemark>
    <Placemark>
      <name>FMU66</name>
      <styleUrl>#poly-7CB342-1901-77-nodesc</styleUrl>
      <Polygon>
        <outerBoundaryIs>
          <LinearRing>
            <tessellate>1</tessellate>
            <coordinates>
              101.9391919,17.0585722,0
              101.938995,17.054869,0
              101.939521,17.054672,0
              101.939686,17.058572,0
              101.9391919,17.0585722,0
            </coordinates>
          </LinearRing>
        </outerBoundaryIs>
      </Polygon>
    </Placemark>
    <Placemark>
      <name>FMU67</name>
      <styleUrl>#poly-7CB342-2601-77-nodesc</styleUrl>
      <Polygon>
        <outerBoundaryIs>
          <LinearRing>
            <tessellate>1</tessellate>
            <coordinates>
              101.9619167,17.061235,0
              101.9617759,17.0607521,0
              101.9645198,17.0603298,0
              101.9644326,17.0608645,0
              101.9643629,17.0608747,0
              101.9619167,17.061235,0
            </coordinates>
          </LinearRing>
        </outerBoundaryIs>
      </Polygon>
    </Placemark>
    <Placemark>
      <name>FMU68</name>
      <styleUrl>#poly-7CB342-2101-77-nodesc</styleUrl>
      <Polygon>
        <outerBoundaryIs>
          <LinearRing>
            <tessellate>1</tessellate>
            <coordinates>
              101.962092,17.061814,0
              101.961914,17.0612324,0
              101.9644326,17.0608645,0
              101.964555,17.061444,0
              101.962092,17.061814,0
            </coordinates>
          </LinearRing>
        </outerBoundaryIs>
      </Polygon>
    </Placemark>
    <Placemark>
      <name>FMU69</name>
      <styleUrl>#poly-7CB342-2401-77-nodesc</styleUrl>
      <Polygon>
        <outerBoundaryIs>
          <LinearRing>
            <tessellate>1</tessellate>
            <coordinates>
              101.9650793,17.0613659,0
              101.9651276,17.0608069,0
              101.9676703,17.0611351,0
              101.9678018,17.0618019,0
              101.9650793,17.0613659,0
            </coordinates>
          </LinearRing>
        </outerBoundaryIs>
      </Polygon>
    </Placemark>
    <Placemark>
      <name>FMU70</name>
      <styleUrl>#poly-7CB342-2301-77-nodesc</styleUrl>
      <Polygon>
        <outerBoundaryIs>
          <LinearRing>
            <tessellate>1</tessellate>
            <coordinates>
              101.938699,17.0611268,0
              101.9385058,17.0575732,0
              101.9389357,17.0575877,0
              101.9389384,17.057798,0
              101.9391155,17.0578005,0
              101.9391844,17.0592407,0
              101.9385957,17.0591997,0
              101.9386185,17.0595869,0
              101.9386359,17.0595856,0
              101.9391884,17.0596164,0
              101.9392099,17.060101,0
              101.9389551,17.0603061,0
              101.9389926,17.0610574,0
              101.938699,17.0611268,0
            </coordinates>
          </LinearRing>
        </outerBoundaryIs>
      </Polygon>
    </Placemark>
    <Placemark>
      <name>FMU70</name>
      <styleUrl>#poly-A1C2FA-2701-77-nodesc</styleUrl>
      <Polygon>
        <outerBoundaryIs>
          <LinearRing>
            <tessellate>1</tessellate>
            <coordinates>
              101.9389675,17.0607366,0
              101.9389595,17.0603725,0
              101.9391995,17.0603648,0
              101.9392062,17.0607353,0
              101.9389675,17.0607366,0
            </coordinates>
          </LinearRing>
        </outerBoundaryIs>
      </Polygon>
    </Placemark>
    <Placemark>
      <name>FMU71</name>
      <styleUrl>#poly-7CB342-2401-77-nodesc</styleUrl>
      <Polygon>
        <outerBoundaryIs>
          <LinearRing>
            <tessellate>1</tessellate>
            <coordinates>
              101.957714,17.054711,0
              101.957899,17.053813,0
              101.959479,17.054131,0
              101.959275,17.05489,0
              101.957714,17.054711,0
            </coordinates>
          </LinearRing>
        </outerBoundaryIs>
      </Polygon>
    </Placemark>
    <Placemark>
      <name>FMU72</name>
      <styleUrl>#poly-7CB342-2501-77-nodesc</styleUrl>
      <Polygon>
        <outerBoundaryIs>
          <LinearRing>
            <tessellate>1</tessellate>
            <coordinates>
              101.9361204,17.0631135,0
              101.937086,17.061397,0
              101.937397,17.061505,0
              101.937451,17.06171,0
              101.937895,17.062005,0
              101.93758,17.063403,0
              101.9361204,17.0631135,0
            </coordinates>
          </LinearRing>
        </outerBoundaryIs>
      </Polygon>
    </Placemark>
    <Placemark>
      <name>FMU73</name>
      <styleUrl>#poly-7CB342-2901-77-nodesc</styleUrl>
      <Polygon>
        <outerBoundaryIs>
          <LinearRing>
            <tessellate>1</tessellate>
            <coordinates>
              101.9572719,17.0561247,0
              101.956276,17.05503,0
              101.956701,17.054295,0
              101.957743,17.054506,0
              101.957727,17.054634,0
              101.9572719,17.0561247,0
            </coordinates>
          </LinearRing>
        </outerBoundaryIs>
      </Polygon>
    </Placemark>
    <Placemark>
      <name>FMU75</name>
      <styleUrl>#poly-7CB342-2501-77-nodesc</styleUrl>
      <Polygon>
        <outerBoundaryIs>
          <LinearRing>
            <tessellate>1</tessellate>
            <coordinates>
              101.963456,17.067443,0
              101.963394,17.064668,0
              101.963899,17.064989,0
              101.963885,17.067253,0
              101.963456,17.067443,0
            </coordinates>
          </LinearRing>
        </outerBoundaryIs>
      </Polygon>
    </Placemark>
      <Placemark>
      <name>FMU1-1, FMU2-3</name>
      <styleUrl>#poly-7CB342-2801-77-nodesc</styleUrl>
      <Polygon>
        <outerBoundaryIs>
          <LinearRing>
            <tessellate>1</tessellate>
            <coordinates>
              101.313879,17.411364,0
              101.314598,17.410238,0
              101.316411,17.411635,0
              101.3162478,17.4115147,0
              101.3161244,17.411722,0
              101.3162075,17.4117502,0
              101.3162451,17.4118551,0
              101.3162692,17.4120343,0
              101.3162773,17.4122364,0
              101.3161297,17.4124745,0
              101.3162639,17.4126382,0
              101.3163041,17.4128583,0
              101.3162343,17.4129556,0
              101.3162478,17.4130631,0
              101.31617,17.4132115,0
              101.316395,17.413406,0
              101.313879,17.411364,0
            </coordinates>
          </LinearRing>
        </outerBoundaryIs>
      </Polygon>
    </Placemark>
    <Placemark>
      <name>FMU1-3</name>
      <styleUrl>#poly-7CB342-2801-77-nodesc</styleUrl>
      <Polygon>
        <outerBoundaryIs>
          <LinearRing>
            <tessellate>1</tessellate>
            <coordinates>
              101.314603,17.410207,0
              101.315772,17.408509,0
              101.316432,17.41161,0
              101.316432,17.41161,0
              101.3163474,17.4112221,0
              101.316216,17.4114397,0
              101.316432,17.41161,0
              101.316432,17.41161,0
              101.314603,17.410207,0
            </coordinates>
          </LinearRing>
        </outerBoundaryIs>
      </Polygon>
    </Placemark>
    <Placemark>
      <name>FMU1-4</name>
      <styleUrl>#poly-7CB342-2801-77-nodesc</styleUrl>
      <Polygon>
        <outerBoundaryIs>
          <LinearRing>
            <tessellate>1</tessellate>
            <coordinates>
              101.316213,17.410432,0
              101.315788,17.408479,0
              101.316974,17.409121,0
              101.316213,17.410432,0
            </coordinates>
          </LinearRing>
        </outerBoundaryIs>
      </Polygon>
    </Placemark>
    <Placemark>
      <name>FMU1-5</name>
      <styleUrl>#poly-7CB342-2801-77-nodesc</styleUrl>
      <Polygon>
        <outerBoundaryIs>
          <LinearRing>
            <tessellate>1</tessellate>
            <coordinates>
              101.316213,17.410442,0
              101.316974,17.409131,0
              101.317168,17.409264,0
              101.3167989,17.4097409,0
              101.3168096,17.4098791,0
              101.3166755,17.4100838,0
              101.3166808,17.4102067,0
              101.3164609,17.4106059,0
              101.3165145,17.4108158,0
              101.316359,17.411082,0
              101.316448,17.411589,0
              101.316213,17.410442,0
            </coordinates>
          </LinearRing>
        </outerBoundaryIs>
      </Polygon>
    </Placemark>
    <Placemark>
      <name>FMU1-6, FMU3-7</name>
      <styleUrl>#poly-7CB342-2801-77-nodesc</styleUrl>
      <Polygon>
        <outerBoundaryIs>
          <LinearRing>
            <tessellate>1</tessellate>
            <coordinates>
              101.316464,17.411589,0
              101.317184,17.409264,0
              101.317645,17.409408,0
              101.317645,17.409408,0
              101.3171895,17.4092794,0
              101.3164802,17.4115839,0
              101.3170833,17.4116866,0
              101.3171313,17.4112618,0
              101.3173405,17.4112464,0
              101.317645,17.409408,0
              101.317645,17.409408,0
              101.31728,17.411732,0
              101.316464,17.411589,0
            </coordinates>
          </LinearRing>
        </outerBoundaryIs>
      </Polygon>
    </Placemark>
    <Placemark>
      <name>FMU2-1</name>
      <styleUrl>#poly-7CB342-2801-77-nodesc</styleUrl>
      <Polygon>
        <outerBoundaryIs>
          <LinearRing>
            <tessellate>1</tessellate>
            <coordinates>
              101.312779,17.413379,0
              101.31309,17.412786,0
              101.315365,17.414741,0
              101.314925,17.415232,0
              101.314292,17.41556,0
              101.3143905,17.4154878,0
              101.3146802,17.4153547,0
              101.3151469,17.4145767,0
              101.3149269,17.4143924,0
              101.3145461,17.4143719,0
              101.3144334,17.4145613,0
              101.3143905,17.4154878,0
              101.314292,17.41556,0
              101.31353,17.415601,0
              101.312779,17.413379,0
            </coordinates>
          </LinearRing>
        </outerBoundaryIs>
      </Polygon>
    </Placemark>
    <Placemark>
      <name>FMU2-2, FMU1-2</name>
      <styleUrl>#poly-7CB342-2801-77-nodesc</styleUrl>
      <Polygon>
        <outerBoundaryIs>
          <LinearRing>
            <tessellate>1</tessellate>
            <coordinates>
              101.313107,17.41278,0
              101.313873,17.41138,0
              101.3142403,17.4119744,0
              101.3139452,17.4125528,0
              101.3140042,17.4126808,0
              101.313913,17.4129213,0
              101.3140418,17.412993,0
              101.3141491,17.4129828,0
              101.3143261,17.4130186,0
              101.3146319,17.4123122,0
              101.3142403,17.4119744,0
              101.313873,17.41138,0
              101.316389,17.413422,0
              101.315381,17.414736,0
              101.313107,17.41278,0
            </coordinates>
          </LinearRing>
        </outerBoundaryIs>
      </Polygon>
    </Placemark>
    <Placemark>
      <name>FMU2-5, FMU3-3</name>
      <styleUrl>#poly-7CB342-2801-77-nodesc</styleUrl>
      <Polygon>
        <outerBoundaryIs>
          <LinearRing>
            <tessellate>1</tessellate>
            <coordinates>
              101.3154077,17.414756,0
              101.3164157,17.413442,0
              101.3161697,17.414639,0
              101.31719998119134,17.414648897033537,0
              101.3172,17.414649,0
              101.3162568,17.4146469,0
              101.3163238,17.4149413,0
              101.31625012143027,17.415069330004666,0
              101.3154077,17.414756,0
            </coordinates>
          </LinearRing>
        </outerBoundaryIs>
      </Polygon>
    </Placemark>
    <Placemark>
      <name>FMU2-5, FMU3-3</name>
      <styleUrl>#poly-7CB342-2801-77-nodesc</styleUrl>
      <Polygon>
        <outerBoundaryIs>
          <LinearRing>
            <tessellate>1</tessellate>
            <coordinates>
              101.31646799594624,17.415150366194695,0
              101.317339,17.415089,0
              101.3175266,17.4141065,0
              101.3176286,17.413912,0
              101.31699722691769,17.41348035898661,0
              101.3169957,17.413472,0
              101.3179717,17.414127,0
              101.3173497,17.415089,0
              101.3164697,17.415151,0
              101.31646799594624,17.415150366194695,0
            </coordinates>
          </LinearRing>
        </outerBoundaryIs>
      </Polygon>
    </Placemark>
    <Placemark>
      <name>FMU2-6</name>
      <styleUrl>#poly-7CB342-2801-77-nodesc</styleUrl>
      <Polygon>
        <outerBoundaryIs>
          <LinearRing>
            <tessellate>1</tessellate>
            <coordinates>
              101.314941,17.415273,0
              101.315381,17.414782,0
              101.316443,17.415176,0
              101.3162461,17.415105,0
              101.3163265,17.4153687,0
              101.317184,17.41535,0
              101.3164,17.415371,0
              101.31537,17.415381,0
              101.314941,17.415273,0
            </coordinates>
          </LinearRing>
        </outerBoundaryIs>
      </Polygon>
    </Placemark>
    <Placemark>
      <name>FMU3-1</name>
      <styleUrl>#poly-7CB342-2801-77-nodesc</styleUrl>
      <Polygon>
        <outerBoundaryIs>
          <LinearRing>
            <tessellate>1</tessellate>
            <coordinates>
              101.316405,17.413412,0
              101.316448,17.4116,0
              101.317264,17.411742,0
              101.316985,17.413441,0
              101.316985,17.413441,0
              101.3171397,17.412434,0
              101.3170109,17.4123111,0
              101.317086,17.4117122,0
              101.3164535,17.4116202,0
              101.3164212,17.4134041,0
              101.316985,17.413441,0
              101.316985,17.413441,0
              101.316405,17.413412,0
            </coordinates>
          </LinearRing>
        </outerBoundaryIs>
      </Polygon>
    </Placemark>
    <Placemark>
      <name>FMU3-2</name>
      <styleUrl>#poly-7CB342-2801-77-nodesc</styleUrl>
      <Polygon>
        <outerBoundaryIs>
          <LinearRing>
            <tessellate>1</tessellate>
            <coordinates>
              101.317221,17.41533,0
              101.317983,17.414132,0
              101.318723,17.414542,0
              101.318219,17.415258,0
              101.317221,17.41533,0
            </coordinates>
          </LinearRing>
        </outerBoundaryIs>
      </Polygon>
    </Placemark>
    <Placemark>
      <name>FMU3-4</name>
      <styleUrl>#poly-7CB342-2801-77-nodesc</styleUrl>
      <Polygon>
        <outerBoundaryIs>
          <LinearRing>
            <tessellate>1</tessellate>
            <coordinates>
              101.31735,17.411778,0
              101.318761,17.412469,0
              101.3185225,17.4123846,0
              101.3183938,17.4124,0
              101.3182221,17.4123437,0
              101.3180505,17.4123642,0
              101.3179325,17.412359,0
              101.3177608,17.4124256,0
              101.3176535,17.4123795,0
              101.3175416572286,17.412425289980117,0
              101.31735,17.411778,0
            </coordinates>
          </LinearRing>
        </outerBoundaryIs>
      </Polygon>
    </Placemark>
    <Placemark>
      <name>FMU3-4</name>
      <styleUrl>#poly-7CB342-2801-77-nodesc</styleUrl>
      <Polygon>
        <outerBoundaryIs>
          <LinearRing>
            <tessellate>1</tessellate>
            <coordinates>
              101.3178218867159,17.413371717832465,0
              101.318367,17.413654,0
              101.3185601,17.4137513,0
              101.3186137,17.4138588,0
              101.3187639,17.4139919,0
              101.3189785,17.4140635,0
              101.3193218,17.4142017,0
              101.3194506,17.4140994,0
              101.3196866,17.4141915,0
              101.3202016,17.4144218,0
              101.3205557,17.4146777,0
              101.32057699999072,17.414952808291382,0
              101.320515,17.414961,0
              101.319914,17.415054,0
              101.319378,17.414941,0
              101.318788,17.414542,0
              101.318047,17.414132,0
              101.3178218867159,17.413371717832465,0
            </coordinates>
          </LinearRing>
        </outerBoundaryIs>
      </Polygon>
    </Placemark>
    <Placemark>
      <name>FMU3-4</name>
      <styleUrl>#poly-7CB342-2801-77-nodesc</styleUrl>
      <Polygon>
        <outerBoundaryIs>
          <LinearRing>
            <tessellate>1</tessellate>
            <coordinates>
              101.318761,17.412469,0
              101.319109,17.412771,0
              101.3190643,17.4127583,0
              101.318761,17.412469,0
            </coordinates>
          </LinearRing>
        </outerBoundaryIs>
      </Polygon>
    </Placemark>
    <Placemark>
      <name>FMU3-5</name>
      <styleUrl>#poly-7CB342-2801-77-nodesc</styleUrl>
      <Polygon>
        <outerBoundaryIs>
          <LinearRing>
            <tessellate>1</tessellate>
            <coordinates>
              101.317017,17.413446,0
              101.317017,17.413446,0
              101.3176964,17.4138895,0
              101.3177393,17.4136387,0
              101.3177608,17.4135363,0
              101.3178091,17.413521,0
              101.3176213,17.4128504,0
              101.3175355,17.4125638,0
              101.3174658,17.4127788,0
              101.3173102,17.4128709,0
              101.3171922,17.4128914,0
              101.3171385,17.4127327,0
              101.317017,17.413446,0
              101.317017,17.413446,0
              101.317296,17.411747,0
              101.317994,17.414102,0
              101.317017,17.413446,0
            </coordinates>
          </LinearRing>
        </outerBoundaryIs>
      </Polygon>
    </Placemark>
    <Placemark>
      <name>FMU3-6</name>
      <styleUrl>#poly-7CB342-2801-77-nodesc</styleUrl>
      <Polygon>
        <outerBoundaryIs>
          <LinearRing>
            <tessellate>1</tessellate>
            <coordinates>
              101.317307,17.411726,0
              101.317672,17.409403,0
              101.317994,17.409648,0
              101.318358,17.40974,0
              101.318777,17.40971,0
              101.31927,17.409833,0
              101.31971,17.410058,0
              101.319582,17.410273,0
              101.319238,17.410478,0
              101.31877479995075,17.41079592788952,0
              101.3184915,17.4107755,0
              101.3183574,17.4107295,0
              101.3182018,17.4106476,0
              101.3181911,17.4104428,0
              101.3183037,17.4103968,0
              101.3183788,17.4103097,0
              101.3183681,17.4101408,0
              101.3180462,17.4101971,0
              101.3175742,17.410064,0
              101.3173864,17.4112669,0
              101.3178048,17.4112413,0
              101.3182876,17.4113335,0
              101.31824,17.411163,0
              101.318734,17.412418,0
              101.317307,17.411726,0
            </coordinates>
          </LinearRing>
        </outerBoundaryIs>
      </Polygon>
    </Placemark>
    <Placemark>
      <name>FMU4-1</name>
      <styleUrl>#poly-7CB342-2801-77-nodesc</styleUrl>
      <Polygon>
        <outerBoundaryIs>
          <LinearRing>
            <tessellate>1</tessellate>
            <coordinates>
              101.315726,17.419714,0
              101.31579,17.419591,0
              101.315806,17.419499,0
              101.315838,17.41936,0
              101.31587,17.419171,0
              101.315913,17.418915,0
              101.315908,17.418716,0
              101.315951,17.418516,0
              101.3159286,17.4186221,0
              101.3160386,17.4186093,0
              101.3161137,17.4186579,0
              101.3161808,17.4188729,0
              101.3162585,17.4190136,0
              101.3163336,17.4191442,0
              101.3163041,17.4193463,0
              101.3162398,17.4194973,0
              101.3161352,17.4196176,0
              101.3161003,17.4196202,0
              101.3160788,17.4197456,0
              101.316001,17.419784,0
              101.3159447,17.4198198,0
              101.315988,17.419847,0
              101.315854,17.419796,0
              101.315763,17.419739,0
              101.315726,17.419714,0
            </coordinates>
          </LinearRing>
        </outerBoundaryIs>
      </Polygon>
    </Placemark>
    <Placemark>
      <name>FMU4-1</name>
      <styleUrl>#poly-7CB342-2801-77-nodesc</styleUrl>
      <Polygon>
        <outerBoundaryIs>
          <LinearRing>
            <tessellate>1</tessellate>
            <coordinates>
              101.315988,17.419847,0
              101.316353,17.419888,0
              101.316192,17.419872,0
              101.315988,17.419847,0
            </coordinates>
          </LinearRing>
        </outerBoundaryIs>
      </Polygon>
    </Placemark>
    <Placemark>
      <name>FMU4-1</name>
      <styleUrl>#poly-7CB342-2801-77-nodesc</styleUrl>
      <Polygon>
        <outerBoundaryIs>
          <LinearRing>
            <tessellate>1</tessellate>
            <coordinates>
              101.31656728399518,17.41845438788608,0
              101.316638,17.418449,0
              101.316847,17.418444,0
              101.3165884,17.4184532,0
              101.31656728399518,17.41845438788608,0
            </coordinates>
          </LinearRing>
        </outerBoundaryIs>
      </Polygon>
    </Placemark>
    <Placemark>
      <name>FMU4-1</name>
      <styleUrl>#poly-7CB342-2801-77-nodesc</styleUrl>
      <Polygon>
        <outerBoundaryIs>
          <LinearRing>
            <tessellate>1</tessellate>
            <coordinates>
              101.31668,17.419929,0
              101.3167011,17.41972,0
              101.316809,17.419427,0
              101.316761,17.419565,0
              101.316702,17.419739,0
              101.31668,17.419929,0
            </coordinates>
          </LinearRing>
        </outerBoundaryIs>
      </Polygon>
    </Placemark>
    <Placemark>
      <name>FMU4-1</name>
      <styleUrl>#poly-7CB342-2801-77-nodesc</styleUrl>
      <Polygon>
        <outerBoundaryIs>
          <LinearRing>
            <tessellate>1</tessellate>
            <coordinates>
              101.316868,17.419084,0
              101.3168889,17.4189164,0
              101.316906,17.418598,0
              101.3169,17.418756,0
              101.31689,17.418936,0
              101.316868,17.419084,0
            </coordinates>
          </LinearRing>
        </outerBoundaryIs>
      </Polygon>
    </Placemark>
    <Placemark>
      <name>FMU4-4</name>
      <styleUrl>#poly-7CB342-2801-77-nodesc</styleUrl>
      <Polygon>
        <outerBoundaryIs>
          <LinearRing>
            <tessellate>1</tessellate>
            <coordinates>
              101.316697,17.420016,0
              101.317078,17.420036,0
              101.317013,17.420348,0
              101.316697,17.420016,0
            </coordinates>
          </LinearRing>
        </outerBoundaryIs>
      </Polygon>
    </Placemark>
    <Placemark>
      <name>FMU4-3</name>
      <styleUrl>#poly-7CB342-2801-77-nodesc</styleUrl>
      <Polygon>
        <outerBoundaryIs>
          <LinearRing>
            <tessellate>1</tessellate>
            <coordinates>
              101.316729,17.419995,0
              101.316756,17.419801,0
              101.31689,17.419376,0
              101.31695351953125,17.4186791,0
              101.3171134,17.4186791,0
              101.31707581760064,17.418257097632715,0
              101.318923,17.418572,0
              101.318735,17.420195,0
              101.318504,17.420343,0
              101.317721,17.420389,0
              101.317045,17.420328,0
              101.31711,17.420016,0
              101.316729,17.419995,0
            </coordinates>
          </LinearRing>
        </outerBoundaryIs>
      </Polygon>
    </Placemark>
    <Placemark>
      <name>FMU4-3</name>
      <styleUrl>#poly-7CB342-2801-77-nodesc</styleUrl>
      <Polygon>
        <outerBoundaryIs>
          <LinearRing>
            <tessellate>1</tessellate>
            <coordinates>
              101.316911,17.418229,0
              101.31696,17.418608,0
              101.316927,17.418383,0
              101.316911,17.418229,0
            </coordinates>
          </LinearRing>
        </outerBoundaryIs>
      </Polygon>
    </Placemark>
    <Placemark>
      <name>FMU4-5</name>
      <styleUrl>#poly-7CB342-2801-77-nodesc</styleUrl>
      <Polygon>
        <outerBoundaryIs>
          <LinearRing>
            <tessellate>1</tessellate>
            <coordinates>
              101.316906,17.418194,0
              101.317146,17.416606,0
              101.319121,17.417165,0
              101.318944,17.418542,0
              101.316906,17.418194,0
            </coordinates>
          </LinearRing>
        </outerBoundaryIs>
      </Polygon>
    </Placemark>
    <Placemark>
      <name>FMU5-1</name>
      <styleUrl>#poly-7CB342-2801-77-nodesc</styleUrl>
      <Polygon>
        <outerBoundaryIs>
          <LinearRing>
            <tessellate>1</tessellate>
            <coordinates>
              101.318789,17.4202,0
              101.319143,17.417165,0
              101.3208,17.417641,0
              101.320623,17.420358,0
              101.318789,17.4202,0
            </coordinates>
          </LinearRing>
        </outerBoundaryIs>
      </Polygon>
    </Placemark>
    <Placemark>
      <name>FMU5-2</name>
      <styleUrl>#poly-7CB342-2801-77-nodesc</styleUrl>
      <Polygon>
        <outerBoundaryIs>
          <LinearRing>
            <tessellate>1</tessellate>
            <coordinates>
              101.32065,17.420358,0
              101.320758,17.418593,0
              101.323193,17.418071,0
              101.323129,17.419125,0
              101.32065,17.420358,0
            </coordinates>
          </LinearRing>
        </outerBoundaryIs>
      </Polygon>
    </Placemark>
    <Placemark>
      <name>FMU5-3</name>
      <styleUrl>#poly-7CB342-2801-77-nodesc</styleUrl>
      <Polygon>
        <outerBoundaryIs>
          <LinearRing>
            <tessellate>1</tessellate>
            <coordinates>
              101.320661,17.420379,0
              101.323139,17.419146,0
              101.322892,17.419381,0
              101.322565,17.419601,0
              101.322233,17.419862,0
              101.321911,17.42,0
              101.321632,17.420164,0
              101.321337,17.420266,0
              101.321085,17.420338,0
              101.320918,17.420364,0
              101.320661,17.420379,0
            </coordinates>
          </LinearRing>
        </outerBoundaryIs>
      </Polygon>
    </Placemark>
    <Placemark>
      <name>FMU6-2</name>
      <styleUrl>#poly-7CB342-2801-77-nodesc</styleUrl>
      <Polygon>
        <outerBoundaryIs>
          <LinearRing>
            <tessellate>1</tessellate>
            <coordinates>
              101.308092,17.413432,0
              101.309852,17.413545,0
              101.309916,17.413238,0
              101.312325,17.413504,0
              101.312223,17.413642,0
              101.312051,17.41401,0
              101.31201278479875,17.41406607277192,0
              101.3113609,17.413965,0
              101.3109478,17.4139343,0
              101.3107386,17.4140878,0
              101.3103899,17.4138779,0
              101.3098642,17.41375,0
              101.3098266,17.413663,0
              101.3084238,17.4135094,0
              101.309906,17.413908,0
              101.308092,17.413432,0
            </coordinates>
          </LinearRing>
        </outerBoundaryIs>
      </Polygon>
    </Placemark>
    <Placemark>
      <name>FMU6-3</name>
      <styleUrl>#poly-7CB342-2801-77-nodesc</styleUrl>
      <Polygon>
        <outerBoundaryIs>
          <LinearRing>
            <tessellate>1</tessellate>
            <coordinates>
              101.309938,17.413186,0
              101.310067,17.412306,0
              101.310061,17.4124085,0
              101.3106511,17.4124751,0
              101.3110159,17.4124853,0
              101.3113002,17.4125058,0
              101.3115684,17.412516,0
              101.3117508,17.4125263,0
              101.3119171,17.4126133,0
              101.3120834,17.4127566,0
              101.3122873,17.4130484,0
              101.3123999,17.4132173,0
              101.3124267,17.4133248,0
              101.312491,17.413227,0
              101.312363,17.413453,0
              101.311225,17.41335,0
              101.309938,17.413186,0
            </coordinates>
          </LinearRing>
        </outerBoundaryIs>
      </Polygon>
    </Placemark>
    <Placemark>
      <name>FMU6-4</name>
      <styleUrl>#poly-7CB342-2801-77-nodesc</styleUrl>
      <Polygon>
        <outerBoundaryIs>
          <LinearRing>
            <tessellate>1</tessellate>
            <coordinates>
              101.307926,17.413401,0
              101.308184,17.412275,0
              101.308184,17.4122776,0
              101.3081556,17.4124268,0
              101.308405,17.4124395,0
              101.3084425,17.4122937,0
              101.308184,17.4122776,0
              101.308184,17.412275,0
              101.310029,17.412337,0
              101.309836,17.413504,0
              101.308999,17.413463,0
              101.307926,17.413401,0
            </coordinates>
          </LinearRing>
        </outerBoundaryIs>
      </Polygon>
    </Placemark>
    <Placemark>
      <name>FMU6-5</name>
      <styleUrl>#poly-7CB342-2801-77-nodesc</styleUrl>
      <Polygon>
        <outerBoundaryIs>
          <LinearRing>
            <tessellate>1</tessellate>
            <coordinates>
              101.307154,17.414,0
              101.309879,17.413959,0
              101.3092886,17.4139689,0
              101.3095541,17.4140764,0
              101.3096641,17.4142466,0
              101.3097352,17.4143051,0
              101.3098036,17.4143253,0
              101.3099028,17.41434,0
              101.3103507,17.4144859,0
              101.31055690676128,17.41471753861218,0
              101.310566,17.414758,0
              101.310222,17.414799,0
              101.3099,17.414865,0
              101.309085,17.415004,0
              101.308591,17.415106,0
              101.30828769939275,17.415302808394035,0
              101.3083367,17.4152689,0
              101.3078539,17.4152791,0
              101.3075133,17.4151639,0
              101.3073443,17.4149541,0
              101.3073389,17.4147903,0
              101.3072987,17.4146879,0
              101.3073362,17.4144397,0
              101.3073872,17.4143373,0
              101.3076957,17.4142656,0
              101.3077601,17.4142195,0
              101.3078029,17.4141939,0
              101.3079008,17.4141786,0
              101.3079538,17.4142362,0
              101.3080688,17.4142164,0
              101.3081221,17.4141838,0
              101.3081476,17.414075,0
              101.3084419,17.4140411,0
              101.3089485,17.4139806,0
              101.3083608,17.4139867,0
              101.307154,17.414,0
            </coordinates>
          </LinearRing>
        </outerBoundaryIs>
      </Polygon>
    </Placemark>
    <Placemark>
      <name>FMU6-6</name>
      <styleUrl>#poly-7CB342-2801-77-nodesc</styleUrl>
      <Polygon>
        <outerBoundaryIs>
          <LinearRing>
            <tessellate>1</tessellate>
            <coordinates>
              101.307918,17.413406,0
              101.30792573218531,17.413408110217496,0
              101.30792193982595,17.41350879364058,0
              101.307918,17.413406,0
            </coordinates>
          </LinearRing>
        </outerBoundaryIs>
      </Polygon>
    </Placemark>
    <Placemark>
      <name>FMU6-6</name>
      <styleUrl>#poly-7CB342-2801-77-nodesc</styleUrl>
      <Polygon>
        <outerBoundaryIs>
          <LinearRing>
            <tessellate>1</tessellate>
            <coordinates>
              101.30805399479773,17.413443114811667,0
              101.309871,17.413939,0
              101.3083634,17.4135313,0
              101.3081354,17.4134699,0
              101.30805399479773,17.413443114811667,0
            </coordinates>
          </LinearRing>
        </outerBoundaryIs>
      </Polygon>
    </Placemark>
    <Placemark>
      <name>FMU7-1, FMU8-2</name>
      <styleUrl>#poly-7CB342-2801-77-nodesc</styleUrl>
      <Polygon>
        <outerBoundaryIs>
          <LinearRing>
            <tessellate>1</tessellate>
            <coordinates>
              101.3086306,17.4105952,0
              101.3091655,17.4095632,0
              101.311076,17.410935,0
              101.31077026926474,17.411336875772204,0
              101.3104687,17.4111975,0
              101.3105062,17.4110798,0
              101.3097552,17.4106959,0
              101.3094549,17.4104728,0
              101.3093208,17.4103064,0
              101.3090336,17.410074,0
              101.30864433868523,17.41061213459838,0
              101.3086306,17.4105952,0
            </coordinates>
          </LinearRing>
        </outerBoundaryIs>
      </Polygon>
    </Placemark>
    <Placemark>
      <name>FMU7-1, FMU8-2</name>
      <styleUrl>#poly-7CB342-2801-77-nodesc</styleUrl>
      <Polygon>
        <outerBoundaryIs>
          <LinearRing>
            <tessellate>1</tessellate>
            <coordinates>
              101.30876382190847,17.41075941218473,0
              101.3090095,17.4104143,0
              101.3092617,17.4105065,0
              101.3094602,17.410701,0
              101.3096908,17.4107931,0
              101.309851,17.410956,0
              101.3101683,17.4111054,0
              101.3103399,17.4112282,0
              101.3104794,17.4114432,0
              101.3106010664298,17.411559288870084,0
              101.310026,17.4123152,0
              101.30876382190847,17.41075941218473,0
            </coordinates>
          </LinearRing>
        </outerBoundaryIs>
      </Polygon>
    </Placemark>
    <Placemark>
      <name>FMU7-2</name>
      <styleUrl>#poly-7CB342-2801-77-nodesc</styleUrl>
      <Polygon>
        <outerBoundaryIs>
          <LinearRing>
            <tessellate>1</tessellate>
            <coordinates>
              101.3091724,17.4095404,0
              101.3095262,17.4088593,0
              101.3098426,17.4090566,0
              101.3106231,17.4096377,0
              101.3124027,17.4110313,0
              101.3134182,17.4116666,0
              101.3128736,17.4126291,0
              101.31282,17.412583,0
              101.3130153,17.4122411,0
              101.3127981,17.4121208,0
              101.312605,17.4124228,0
              101.31282,17.412583,0
              101.3128736,17.4126291,0
              101.311747,17.411764,0
              101.310838,17.411284,0
              101.311103,17.410925,0
              101.3091724,17.4095404,0
            </coordinates>
          </LinearRing>
        </outerBoundaryIs>
      </Polygon>
    </Placemark>
    <Placemark>
      <name>FMU7-3</name>
      <styleUrl>#poly-7CB342-2801-77-nodesc</styleUrl>
      <Polygon>
        <outerBoundaryIs>
          <LinearRing>
            <tessellate>1</tessellate>
            <coordinates>
              101.3094836,17.4088724,0
              101.3088556,17.4101391,0
              101.3087926,17.4100227,0
              101.3086438,17.409868,0
              101.3085298,17.4097568,0
              101.3084588,17.4095944,0
              101.3083085,17.4095637,0
              101.3083271,17.4093026,0
              101.3084825,17.4089417,0
              101.3086944,17.408307,0
              101.3095024,17.4088392,0
              101.3094836,17.4088724,0
            </coordinates>
          </LinearRing>
        </outerBoundaryIs>
      </Polygon>
    </Placemark>
    <Placemark>
      <name>FMU7-4</name>
      <styleUrl>#poly-7CB342-2801-77-nodesc</styleUrl>
      <Polygon>
        <outerBoundaryIs>
          <LinearRing>
            <tessellate>1</tessellate>
            <coordinates>
              101.312417,17.411002,0
              101.311865,17.410569,0
              101.311573,17.410358,0
              101.311307,17.410136,0
              101.310502,17.409497,0
              101.309805,17.409,0
              101.308743,17.408304,0
              101.309049,17.407813,0
              101.3094987,17.4072807,0
              101.3127783,17.4092752,0
              101.312417,17.411002,0
            </coordinates>
          </LinearRing>
        </outerBoundaryIs>
      </Polygon>
    </Placemark>
    <Placemark>
      <name>FMU7-5</name>
      <styleUrl>#poly-7CB342-2801-77-nodesc</styleUrl>
      <Polygon>
        <outerBoundaryIs>
          <LinearRing>
            <tessellate>1</tessellate>
            <coordinates>
              101.3127981,17.4092455,0
              101.3095162,17.407255,0
              101.3097565,17.4069249,0
              101.3098504,17.4069066,0
              101.3102984,17.40653,0
              101.3110924,17.407042,0
              101.3118654,17.407534,0
              101.3130884,17.408312,0
              101.3127981,17.4092455,0
            </coordinates>
          </LinearRing>
        </outerBoundaryIs>
      </Polygon>
    </Placemark>
    <Placemark>
      <name>FMU8-1</name>
      <styleUrl>#poly-7CB342-2801-77-nodesc</styleUrl>
      <Polygon>
        <outerBoundaryIs>
          <LinearRing>
            <tessellate>1</tessellate>
            <coordinates>
              101.305539,17.412147,0
              101.308608,17.410591,0
              101.310002,17.412311,0
              101.30825996112,17.412253404134592,0
              101.3082802,17.4122099,0
              101.3082105,17.4121945,0
              101.30813,17.4121894,0
              101.3081086,17.4122457,0
              101.3080764,17.412302,0
              101.3080281,17.4124402,0
              101.3079798,17.4125887,0
              101.3079476,17.4127217,0
              101.3078672,17.4129572,0
              101.3078457,17.4130954,0
              101.3078243,17.4132182,0
              101.3077921,17.4133155,0
              101.3078028,17.4134281,0
              101.3078082,17.4135561,0
              101.3078082,17.4136687,0
              101.3077438,17.4136943,0
              101.3074917,17.4137096,0
              101.307143,17.4137403,0
              101.307127,17.413949,0
              101.307041,17.412291,0
              101.305539,17.412147,0
            </coordinates>
          </LinearRing>
        </outerBoundaryIs>
      </Polygon>
    </Placemark>
    <Placemark>
      <name>FMU8-1</name>
      <styleUrl>#poly-7CB342-2801-77-nodesc</styleUrl>
      <Polygon>
        <outerBoundaryIs>
          <LinearRing>
            <tessellate>1</tessellate>
            <coordinates>
              101.3078779,17.413336,0
              101.308157,17.41225,0
              101.307899,17.413376,0
              101.307921,17.413949,0
              101.3078886,17.4134895,0
              101.3078779,17.413336,0
            </coordinates>
          </LinearRing>
        </outerBoundaryIs>
      </Polygon>
    </Placemark>
    <Placemark>
      <name>FMU8-3</name>
      <styleUrl>#poly-7CB342-2801-77-nodesc</styleUrl>
      <Polygon>
        <outerBoundaryIs>
          <LinearRing>
            <tessellate>1</tessellate>
            <coordinates>
              101.30548,17.412096,0
              101.3056072,17.4120296,0
              101.3055536,17.4118914,0
              101.3055161,17.4116969,0
              101.3055375,17.4115894,0
              101.3055858,17.4114768,0
              101.3056448,17.4113232,0
              101.3057145,17.4112055,0
              101.3058004,17.4110929,0
              101.3059237,17.4109598,0
              101.3060042,17.4108421,0
              101.3060954,17.4107244,0
              101.3062456,17.4106169,0
              101.3063851,17.4104991,0
              101.3065353,17.4103968,0
              101.3066319,17.41032,0
              101.3067552,17.4102893,0
              101.3068572,17.4102842,0
              101.3069215,17.4102637,0
              101.3069537,17.4102074,0
              101.3070181,17.4101306,0
              101.3071254,17.4100845,0
              101.3072488,17.4100282,0
              101.3073453,17.4100333,0
              101.3074526,17.4100487,0
              101.3076833,17.4101408,0
              101.3078818,17.4102483,0
              101.3080373,17.4103712,0
              101.3081661,17.4104377,0
              101.3082626,17.4105247,0
              101.308386,17.4105964,0
              101.308548,17.41054,0
              101.30738,17.411186,0
              101.30548,17.412096,0
            </coordinates>
          </LinearRing>
        </outerBoundaryIs>
      </Polygon>
    </Placemark>
    <Placemark>
      <name>FMU9-1</name>
      <styleUrl>#poly-7CB342-2801-77-nodesc</styleUrl>
      <Polygon>
        <outerBoundaryIs>
          <LinearRing>
            <tessellate>1</tessellate>
            <coordinates>
              101.3412824,17.404121,0
              101.3417376,17.4041382,0
              101.3421811,17.4041594,0
              101.342347,17.404242,0
              101.3422241,17.404919,0
              101.342042,17.405061,0
              101.341929,17.405035,0
              101.341554,17.404984,0
              101.341232,17.404912,0
              101.341178,17.404728,0
              101.341221,17.404472,0
              101.3412824,17.404121,0
            </coordinates>
          </LinearRing>
        </outerBoundaryIs>
      </Polygon>
    </Placemark>
    <Placemark>
      <name>FMU9-2</name>
      <styleUrl>#poly-7CB342-2801-77-nodesc</styleUrl>
      <Polygon>
        <outerBoundaryIs>
          <LinearRing>
            <tessellate>1</tessellate>
            <coordinates>
              101.341628,17.403215,0
              101.34204576104344,17.40346071305525,0
              101.342026,17.403451,0
              101.341628,17.403215,0
            </coordinates>
          </LinearRing>
        </outerBoundaryIs>
      </Polygon>
    </Placemark>
    <Placemark>
      <name>FMU9-2</name>
      <styleUrl>#poly-7CB342-2801-77-nodesc</styleUrl>
      <Polygon>
        <outerBoundaryIs>
          <LinearRing>
            <tessellate>1</tessellate>
            <coordinates>
              101.341736,17.402931,0
              101.342068,17.402693,0
              101.342326,17.40246,0
              101.3420502,17.4027115,0
              101.341736,17.402931,0
            </coordinates>
          </LinearRing>
        </outerBoundaryIs>
      </Polygon>
    </Placemark>
    <Placemark>
      <name>FMU9-2</name>
      <styleUrl>#poly-7CB342-2801-77-nodesc</styleUrl>
      <Polygon>
        <outerBoundaryIs>
          <LinearRing>
            <tessellate>1</tessellate>
            <coordinates>
              101.34225986214337,17.40356594918911,0
              101.3428696,17.4031031,0
              101.3431881,17.4033552,0
              101.343281,17.403318,0
              101.343002,17.403451,0
              101.34238,17.403625,0
              101.34225986214337,17.40356594918911,0
            </coordinates>
          </LinearRing>
        </outerBoundaryIs>
      </Polygon>
    </Placemark>
    <Placemark>
      <name>FMU9-2</name>
      <styleUrl>#poly-7CB342-2801-77-nodesc</styleUrl>
      <Polygon>
        <outerBoundaryIs>
          <LinearRing>
            <tessellate>1</tessellate>
            <coordinates>
              101.342326,17.40246,0
              101.343152,17.403236,0
              101.3429434,17.4030442,0
              101.342326,17.40246,0
            </coordinates>
          </LinearRing>
        </outerBoundaryIs>
      </Polygon>
    </Placemark>
    <Placemark>
      <name>FMU9-3</name>
      <styleUrl>#poly-7CB342-2801-77-nodesc</styleUrl>
      <Polygon>
        <outerBoundaryIs>
          <LinearRing>
            <tessellate>1</tessellate>
            <coordinates>
              101.34121,17.405437,0
              101.341237,17.404953,0
              101.341559,17.405025,0
              101.341924,17.405076,0
              101.34198273215365,17.405091429633586,0
              101.3419457,17.405455,0
              101.3418224,17.4054371,0
              101.34175887286908,17.406016335585296,0
              101.34121,17.405437,0
            </coordinates>
          </LinearRing>
        </outerBoundaryIs>
      </Polygon>
    </Placemark>
    <Placemark>
      <name>FMU9-3</name>
      <styleUrl>#poly-7CB342-2801-77-nodesc</styleUrl>
      <Polygon>
        <outerBoundaryIs>
          <LinearRing>
            <tessellate>1</tessellate>
            <coordinates>
              101.3413851,17.4040192,0
              101.3414307,17.4037095,0
              101.3416131,17.4037249,0
              101.3416507,17.403428,0
              101.341935,17.4034612,0
              101.34158,17.403261,0
              101.342331,17.403671,0
              101.343238,17.404055,0
              101.3428939,17.4039129,0
              101.3424487,17.4041023,0
              101.3418559,17.4040307,0
              101.3417674,17.4039129,0
              101.3416789,17.4040332,0
              101.3413851,17.4040192,0
            </coordinates>
          </LinearRing>
        </outerBoundaryIs>
      </Polygon>
    </Placemark>
    <Placemark>
      <name>FMU9-3</name>
      <styleUrl>#poly-7CB342-2801-77-nodesc</styleUrl>
      <Polygon>
        <outerBoundaryIs>
          <LinearRing>
            <tessellate>1</tessellate>
            <coordinates>
              101.34158,17.403261,0
              101.34167434585072,17.402994084840056,0
              101.341688,17.402977,0
              101.34158,17.403261,0
            </coordinates>
          </LinearRing>
        </outerBoundaryIs>
      </Polygon>
    </Placemark>
    <Placemark>
      <name>FMU9-3</name>
      <styleUrl>#poly-7CB342-2801-77-nodesc</styleUrl>
      <Polygon>
        <outerBoundaryIs>
          <LinearRing>
            <tessellate>1</tessellate>
            <coordinates>
              101.34188705362318,17.40615163043478,0
              101.3419197,17.4061859,0
              101.3420083,17.4062755,0
              101.3421826,17.4061449,0
              101.3424213,17.4060502,0
              101.3425541,17.4059849,0
              101.3426225,17.4059043,0
              101.342644,17.4057635,0
              101.3426118,17.405633,0
              101.3426869,17.4055614,0
              101.3426922,17.4054436,0
              101.3426211,17.4053911,0
              101.3426091,17.4053335,0
              101.3425935,17.4051927,0
              101.3425653,17.4050787,0
              101.3425747,17.4049648,0
              101.3426525,17.4049188,0
              101.3426632,17.4047882,0
              101.3426847,17.4047652,0
              101.3430173,17.4047524,0
              101.3431031,17.4048522,0
              101.3431246,17.404993,0
              101.3431085,17.4050326,0
              101.3430601,17.4050518,0
              101.3430252,17.4050863,0
              101.3429689,17.4051055,0
              101.3429204,17.4051565,0
              101.3429308,17.4051945,0
              101.3429695,17.4052264,0
              101.3430297,17.4052198,0
              101.3431233,17.4052067,0
              101.3431595,17.4055893,0
              101.3430897,17.4056712,0
              101.3429288,17.4056866,0
              101.3428269,17.4057173,0
              101.3427866,17.4058069,0
              101.3428007,17.4058939,0
              101.342745,17.4059451,0
              101.3428161,17.4061447,0
              101.343002,17.405949,0
              101.342777,17.406194,0
              101.342626,17.406399,0
              101.342219,17.406502,0
              101.34188705362318,17.40615163043478,0
            </coordinates>
          </LinearRing>
        </outerBoundaryIs>
      </Polygon>
    </Placemark>
    <Placemark>
      <name>FMU9-3</name>
      <styleUrl>#poly-7CB342-2801-77-nodesc</styleUrl>
      <Polygon>
        <outerBoundaryIs>
          <LinearRing>
            <tessellate>1</tessellate>
            <coordinates>
              101.342321,17.404554,0
              101.3423745,17.4042037,0
              101.34233073956594,17.404183045075126,0
              101.342396,17.404196,0
              101.342321,17.404554,0
            </coordinates>
          </LinearRing>
        </outerBoundaryIs>
      </Polygon>
    </Placemark>
    <Placemark>
      <name>FMU9-4</name>
      <styleUrl>#poly-7CB342-2801-77-nodesc</styleUrl>
      <Polygon>
        <outerBoundaryIs>
          <LinearRing>
            <tessellate>1</tessellate>
            <coordinates>
              101.34073870902334,17.405891162733308,0
              101.3408564,17.405807,0
              101.3409954,17.405674,0
              101.3410814,17.405551,0
              101.3412104,17.405437,0
              101.3415424,17.405796,0
              101.3417894,17.406073,0
              101.3422184,17.406502,0
              101.3420144,17.4068,0
              101.3414354,17.406789,0
              101.34143475048951,17.406788614825174,0
              101.3414596,17.4067866,0
              101.3413952,17.406697,0
              101.3413952,17.4066382,0
              101.3414006,17.406587,0
              101.3414596,17.4065435,0
              101.3414864,17.4065051,0
              101.3414756,17.406482,0
              101.34118366145468,17.406418514345116,0
              101.3411034,17.406318,0
              101.3408994,17.406206,0
              101.34077414049943,17.406187939327825,0
              101.3408218,17.4058387,0
              101.34073870902334,17.405891162733308,0
            </coordinates>
          </LinearRing>
        </outerBoundaryIs>
      </Polygon>
    </Placemark>
    <Placemark>
      <name>FMU9-6</name>
      <styleUrl>#poly-7CB342-2801-77-nodesc</styleUrl>
      <Polygon>
        <outerBoundaryIs>
          <LinearRing>
            <tessellate>1</tessellate>
            <coordinates>
              101.342374,17.40365,0
              101.342996,17.403476,0
              101.343276,17.403343,0
              101.3432271,17.4033746,0
              101.3430856,17.4034594,0
              101.3431212,17.4035006,0
              101.3432942,17.4034578,0
              101.3435758,17.4037457,0
              101.3431949,17.4038737,0
              101.3430474,17.4038609,0
              101.34292679690502,17.403896671257666,0
              101.342809,17.403851,0
              101.342374,17.40365,0
            </coordinates>
          </LinearRing>
        </outerBoundaryIs>
      </Polygon>
    </Placemark>
    <Placemark>
      <name>FMU10-1</name>
      <styleUrl>#poly-7CB342-2801-77-nodesc</styleUrl>
      <Polygon>
        <outerBoundaryIs>
          <LinearRing>
            <tessellate>1</tessellate>
            <coordinates>
              101.344764,17.393188,0
              101.3448457,17.3933394,0
              101.3450763,17.3932088,0
              101.345311,17.393373,0
              101.345344,17.393439,0
              101.345413,17.393532,0
              101.345445,17.393644,0
              101.34552,17.393808,0
              101.345606,17.394002,0
              101.345665,17.394192,0
              101.345783,17.39434,0
              101.345858,17.394571,0
              101.345488,17.39475,0
              101.345322,17.394407,0
              101.345236,17.394115,0
              101.344989,17.393629,0
              101.344764,17.393188,0
            </coordinates>
          </LinearRing>
        </outerBoundaryIs>
      </Polygon>
    </Placemark>
    <Placemark>
      <name>FMU10-2</name>
      <styleUrl>#poly-7CB342-2801-77-nodesc</styleUrl>
      <Polygon>
        <outerBoundaryIs>
          <LinearRing>
            <tessellate>1</tessellate>
            <coordinates>
              101.343514,17.393946,0
              101.34451043183549,17.393332378135206,0
              101.344625,17.3934318,0
              101.3448269,17.3933343,0
              101.344753,17.393183,0
              101.345032,17.393726,0
              101.345226,17.39411,0
              101.345295,17.394351,0
              101.345478,17.394745,0
              101.345166,17.394908,0
              101.344861,17.395052,0
              101.34474048558448,17.39510784422983,0
              101.344629,17.3948824,0
              101.3443528,17.3950232,0
              101.3444145,17.395141,0
              101.344401,17.3951935,0
              101.3443747944918,17.395277298957197,0
              101.34411,17.3954,0
              101.343804,17.394663,0
              101.343514,17.393946,0
            </coordinates>
          </LinearRing>
        </outerBoundaryIs>
      </Polygon>
    </Placemark>
    <Placemark>
      <name>FMU10-3</name>
      <styleUrl>#poly-7CB342-2801-77-nodesc</styleUrl>
      <Polygon>
        <outerBoundaryIs>
          <LinearRing>
            <tessellate>1</tessellate>
            <coordinates>
              101.342093,17.39259,0
              101.343766,17.39132,0
              101.344281,17.391279,0
              101.344507,17.391494,0
              101.344464,17.3914635,0
              101.3443487,17.3916376,0
              101.3443085,17.391676,0
              101.3442951,17.3917348,0
              101.3442522,17.3918628,0
              101.3442441,17.392129,0
              101.3443943,17.3920829,0
              101.3444695,17.3917988,0
              101.3445472,17.3917361,0
              101.3446358,17.3917348,0
              101.3447082,17.3918103,0
              101.3447524,17.3918852,0
              101.3447752,17.3919677,0
              101.3447323,17.3920983,0
              101.3446733,17.3922928,0
              101.3445794,17.3924029,0
              101.3445171,17.3924152,0
              101.3445217,17.3923815,0
              101.3445157,17.392325,0
              101.3444722,17.3922813,0
              101.3444332,17.3922823,0
              101.344397,17.3923063,0
              101.3443943,17.3923594,0
              101.3443595,17.3924157,0
              101.3442468,17.3924515,0
              101.3442066,17.3926639,0
              101.3441556,17.3927203,0
              101.3440966,17.3927151,0
              101.3439625,17.3925283,0
              101.3439357,17.3923235,0
              101.3438418,17.3921725,0
              101.3437801,17.3920548,0
              101.3437412,17.3919985,0
              101.3436862,17.3919678,0
              101.3436151,17.3920445,0
              101.3435823,17.3921085,0
              101.3435602,17.392152,0
              101.343477,17.3922237,0
              101.3434421,17.3923158,0
              101.3435441,17.3924669,0
              101.3435306,17.3925539,0
              101.3435601,17.3926409,0
              101.3435903,17.3927234,0
              101.3436205,17.3927932,0
              101.3437023,17.3928918,0
              101.3438015,17.3929443,0
              101.3438981,17.3929865,0
              101.3440617,17.3929993,0
              101.3442575,17.392925,0
              101.3443326,17.3929993,0
              101.3443085,17.393117,0
              101.3444828,17.3933141,0
              101.34471,17.393178,0
              101.343471,17.393941,0
              101.344067,17.395395,0
              101.343895,17.395477,0
              101.343305,17.394494,0
              101.3431739272389,17.394323307517915,0
              101.3431146,17.3941889,0
              101.3429886,17.3939816,0
              101.342998,17.3938907,0
              101.3430235,17.3938254,0
              101.3431791,17.3937475,0
              101.3433401,17.39369,0
              101.3433776,17.3936363,0
              101.3433562,17.393603,0
              101.3433481,17.393539,0
              101.3433213,17.3934341,0
              101.3433025,17.3933189,0
              101.3432274,17.3932421,0
              101.3432341,17.3931269,0
              101.3431926,17.3929964,0
              101.3432569,17.392935,0
              101.3432703,17.3927737,0
              101.3432489,17.3926406,0
              101.3431926,17.3924179,0
              101.3431309,17.3923335,0
              101.3430263,17.3920468,0
              101.3429646,17.3921133,0
              101.3428814,17.3921261,0
              101.342809,17.3920519,0
              101.342093,17.39259,0
            </coordinates>
          </LinearRing>
        </outerBoundaryIs>
      </Polygon>
    </Placemark>
    <Placemark>
      <name>FMU10-4, FMU11-2</name>
      <styleUrl>#poly-7CB342-2801-77-nodesc</styleUrl>
      <Polygon>
        <outerBoundaryIs>
          <LinearRing>
            <tessellate>1</tessellate>
            <coordinates>
              101.34043,17.39067,0
              101.341084,17.389892,0
              101.34119528023656,17.389816931613726,0
              101.3412437,17.3917096,0
              101.3413885,17.3918836,0
              101.3413724,17.39173,0
              101.3412866,17.3915457,0
              101.3413241,17.3914843,0
              101.3414743,17.3913051,0
              101.3412866,17.3911311,0
              101.341252,17.3898174,0
              101.3412343407269,17.389790581849674,0
              101.341631,17.389523,0
              101.342329,17.389185,0
              101.342747,17.389093,0
              101.3424244,17.3891762,0
              101.3424458,17.3897266,0
              101.3423251,17.3899108,0
              101.3422044,17.3901335,0
              101.3420918,17.3905405,0
              101.3420464,17.3907089,0
              101.3419686,17.3909111,0
              101.3419364,17.3910416,0
              101.341936,17.3911165,0
              101.3419655,17.3911677,0
              101.3420406,17.3912803,0
              101.3420889,17.391375,0
              101.3421367,17.3916688,0
              101.3421447,17.3917609,0
              101.3422198,17.3918966,0
              101.3423057,17.3920322,0
              101.3424451,17.3922677,0
              101.34249806803787,17.392228421841136,0
              101.342393,17.392308,0
              101.340558,17.391694,0
              101.34058,17.391192,0
              101.34043,17.39067,0
            </coordinates>
          </LinearRing>
        </outerBoundaryIs>
      </Polygon>
    </Placemark>
    <Placemark>
      <name>FMU10-4, FMU11-2</name>
      <styleUrl>#poly-7CB342-2801-77-nodesc</styleUrl>
      <Polygon>
        <outerBoundaryIs>
          <LinearRing>
            <tessellate>1</tessellate>
            <coordinates>
              101.3423868,17.3911983,0
              101.3423949,17.3910294,0
              101.342427,17.3908502,0
              101.3425558,17.3906762,0
              101.342588,17.3905482,0
              101.3425826,17.3903025,0
              101.3426658,17.3901156,0
              101.3428577,17.3899803,0
              101.3429969,17.3901526,0
              101.3430073,17.3902327,0
              101.3430916,17.3902369,0
              101.343176,17.3902923,0
              101.3433019,17.390404,0
              101.3435083,17.3906206,0
              101.3435623,17.3907399,0
              101.3435759,17.3908532,0
              101.3435478,17.3909764,0
              101.3435633,17.3910764,0
              101.3435951,17.3911674,0
              101.3436647,17.3912615,0
              101.3437156,17.3912932,0
              101.3437352448488,17.39129138851688,0
              101.34279736185032,17.39200173777018,0
              101.3427114,17.3919048,0
              101.3426738,17.3918433,0
              101.3426577,17.3917,0
              101.3425504,17.3915925,0
              101.342482,17.3915208,0
              101.342478,17.3914492,0
              101.3424867,17.3914031,0
              101.342474,17.3913673,0
              101.3424344,17.3912853,0
              101.3423868,17.3911983,0
            </coordinates>
          </LinearRing>
        </outerBoundaryIs>
      </Polygon>
    </Placemark>
    <Placemark>
      <name>FMU10-4, FMU11-2</name>
      <styleUrl>#poly-7CB342-2801-77-nodesc</styleUrl>
      <Polygon>
        <outerBoundaryIs>
          <LinearRing>
            <tessellate>1</tessellate>
            <coordinates>
              101.3433393229734,17.390287378181988,0
              101.343605,17.390445,0
              101.3435078,17.3903955,0
              101.3433694,17.3903072,0
              101.3433393229734,17.390287378181988,0
            </coordinates>
          </LinearRing>
        </outerBoundaryIs>
      </Polygon>
    </Placemark>
    <Placemark>
      <name>FMU10-4, FMU11-2</name>
      <styleUrl>#poly-7CB342-2801-77-nodesc</styleUrl>
      <Polygon>
        <outerBoundaryIs>
          <LinearRing>
            <tessellate>1</tessellate>
            <coordinates>
              101.343605,17.390445,0
              101.34380923696429,17.390690580479323,0
              101.3437699,17.3906442,0
              101.343605,17.390445,0
            </coordinates>
          </LinearRing>
        </outerBoundaryIs>
      </Polygon>
    </Placemark>
    <Placemark>
      <name>FMU11-1</name>
      <styleUrl>#poly-7CB342-2801-77-nodesc</styleUrl>
      <Polygon>
        <outerBoundaryIs>
          <LinearRing>
            <tessellate>1</tessellate>
            <coordinates>
              101.338053,17.392764,0
              101.338193,17.392395,0
              101.338922,17.392119,0
              101.339105,17.39177,0
              101.339148,17.390951,0
              101.339866,17.390696,0
              101.340392,17.390716,0
              101.340542,17.391238,0
              101.340521,17.39174,0
              101.341208,17.392016,0
              101.342356,17.392354,0
              101.341968,17.3922527,0
              101.3420699,17.3924319,0
              101.3417427,17.3927595,0
              101.3416032,17.392826,0
              101.3414798,17.3929847,0
              101.3414423,17.3930615,0
              101.341056,17.3933789,0
              101.34104,17.3934403,0
              101.342034,17.3926,0
              101.341497,17.393081,0
              101.341143,17.393368,0
              101.340768,17.393644,0
              101.340414,17.393859,0
              101.339942,17.39348,0
              101.3401849,17.3936697,0
              101.3402171,17.3936339,0
              101.3402171,17.3935929,0
              101.3401555,17.3935161,0
              101.3400562,17.3934035,0
              101.3400938,17.3933472,0
              101.3403432,17.3933242,0
              101.3403915,17.3931501,0
              101.3404532,17.3930912,0
              101.3404854,17.3930196,0
              101.340421,17.3929377,0
              101.3402306,17.3929633,0
              101.3402091,17.3928583,0
              101.3401581,17.3927969,0
              101.3395359,17.3928737,0
              101.3390987,17.39293,0
              101.3389324,17.3929274,0
              101.3388385,17.3930861,0
              101.3387768,17.3933216,0
              101.3387553,17.3934291,0
              101.33880807865283,17.39341705349625,0
              101.338611,17.39347,0
              101.338397,17.393337,0
              101.338182,17.393357,0
              101.338053,17.392764,0
            </coordinates>
          </LinearRing>
        </outerBoundaryIs>
      </Polygon>
    </Placemark>
    <Placemark>
      <name>FMU11-3</name>
      <styleUrl>#poly-7CB342-2801-77-nodesc</styleUrl>
      <Polygon>
        <outerBoundaryIs>
          <LinearRing>
            <tessellate>1</tessellate>
            <coordinates>
              101.339389,17.389887,0
              101.339486,17.389088,0
              101.339475,17.388822,0
              101.339593,17.38875,0
              101.340355,17.388791,0
              101.340387,17.388648,0
              101.341138,17.388832,0
              101.341546,17.388822,0
              101.3412884,17.3888371,0
              101.3415056,17.3889216,0
              101.3415834,17.3890598,0
              101.3416639,17.389111,0
              101.3418329,17.3891417,0
              101.342254,17.3892134,0
              101.342382,17.38915,0
              101.342082,17.389303,0
              101.341588,17.389528,0
              101.34122339464159,17.389773958642145,0
              101.341193,17.3897278,0
              101.34119467648172,17.389793331587285,0
              101.341041,17.389897,0
              101.340548,17.390491,0
              101.340387,17.390675,0
              101.339861,17.390655,0
              101.339571,17.390736,0
              101.339421,17.390583,0
              101.339389,17.389887,0
            </coordinates>
          </LinearRing>
        </outerBoundaryIs>
      </Polygon>
    </Placemark>
    <Placemark>
      <name>FMU11-3</name>
      <styleUrl>#poly-7CB342-2801-77-nodesc</styleUrl>
      <Polygon>
        <outerBoundaryIs>
          <LinearRing>
            <tessellate>1</tessellate>
            <coordinates>
              101.341546,17.388822,0
              101.342211,17.38875,0
              101.3416853,17.3888115,0
              101.341546,17.388822,0
            </coordinates>
          </LinearRing>
        </outerBoundaryIs>
      </Polygon>
    </Placemark>
    <Placemark>
      <name>FMU12-1</name>
      <styleUrl>#poly-7CB342-2801-77-nodesc</styleUrl>
      <Polygon>
        <outerBoundaryIs>
          <LinearRing>
            <tessellate>1</tessellate>
            <coordinates>
              101.356428,17.392416,0
              101.357334,17.392181,0
              101.358343,17.391997,0
              101.358552,17.392283,0
              101.35883741876697,17.39258848335516,0
              101.3585646,17.3927831,0
              101.3584185,17.3928381,0
              101.3584151,17.3928912,0
              101.3583635,17.3929341,0
              101.3583012,17.3930442,0
              101.3583193,17.3931184,0
              101.3584306,17.3931594,0
              101.3586693,17.3931748,0
              101.3587826,17.3932689,0
              101.3588691,17.3933783,0
              101.3589938,17.3934538,0
              101.3592472,17.3936086,0
              101.3593612,17.3936457,0
              101.3594834,17.3938746,0
              101.3594693,17.3940096,0
              101.3593802,17.3941957,0
              101.35947091112841,17.39415447190873,0
              101.359035,17.394418,0
              101.358155,17.394531,0
              101.358005,17.394592,0
              101.3581033,17.3945398,0
              101.357811,17.3942301,0
              101.3576205,17.3942787,0
              101.3575347,17.394225,0
              101.3575052,17.3941827,0
              101.3575025,17.3941354,0
              101.3576098,17.3939025,0
              101.3577949,17.3935877,0
              101.357809,17.3935333,0
              101.3578016,17.3934789,0
              101.3576875,17.393301,0
              101.3576903,17.3932293,0
              101.3574918,17.3928044,0
              101.3574006,17.3927737,0
              101.3571592,17.3922362,0
              101.356428,17.392416,0
            </coordinates>
          </LinearRing>
        </outerBoundaryIs>
      </Polygon>
    </Placemark>
    <Placemark>
      <name>FMU12-1</name>
      <styleUrl>#poly-7CB342-2801-77-nodesc</styleUrl>
      <Polygon>
        <outerBoundaryIs>
          <LinearRing>
            <tessellate>1</tessellate>
            <coordinates>
              101.357104,17.393312,0
              101.3571521,17.393619,0
              101.357168,17.393926,0
              101.357146,17.393599,0
              101.357104,17.393312,0
            </coordinates>
          </LinearRing>
        </outerBoundaryIs>
      </Polygon>
    </Placemark>
    <Placemark>
      <name>FMU12-1</name>
      <styleUrl>#poly-7CB342-2801-77-nodesc</styleUrl>
      <Polygon>
        <outerBoundaryIs>
          <LinearRing>
            <tessellate>1</tessellate>
            <coordinates>
              101.35890072343375,17.392656238262127,0
              101.359121,17.392892,0
              101.359464,17.393302,0
              101.3590586,17.3928416,0
              101.35890072343375,17.392656238262127,0
            </coordinates>
          </LinearRing>
        </outerBoundaryIs>
      </Polygon>
    </Placemark>
    <Placemark>
      <name>FMU12-1</name>
      <styleUrl>#poly-7CB342-2801-77-nodesc</styleUrl>
      <Polygon>
        <outerBoundaryIs>
          <LinearRing>
            <tessellate>1</tessellate>
            <coordinates>
              101.35948006350777,17.394150312164072,0
              101.3595747,17.3941073,0
              101.359721,17.39407,0
              101.35948006350777,17.394150312164072,0
            </coordinates>
          </LinearRing>
        </outerBoundaryIs>
      </Polygon>
    </Placemark>
    <Placemark>
      <name>FMU12-2</name>
      <styleUrl>#poly-7CB342-2801-77-nodesc</styleUrl>
      <Polygon>
        <outerBoundaryIs>
          <LinearRing>
            <tessellate>1</tessellate>
            <coordinates>
              101.355258,17.389739,0
              101.356202,17.38894,0
              101.358284,17.39193,0
              101.358284,17.39193,0
              101.3580589,17.3916365,0
              101.3578014,17.3916877,0
              101.3579274,17.3920025,0
              101.358284,17.39193,0
              101.358284,17.39193,0
              101.356363,17.39235,0
              101.3571351,17.3921773,0
              101.3569917,17.391826,0
              101.3567101,17.3918926,0
              101.3565786,17.3917134,0
              101.3562111,17.3917799,0
              101.3561441,17.3918427,0
              101.3560784,17.3918817,0
              101.3560207,17.3918875,0
              101.355947,17.391876,0
              101.3558598,17.3918107,0
              101.3552724,17.3912987,0
              101.3552651,17.3912309,0
              101.3552791,17.3911989,0
              101.3557445,17.3908227,0
              101.3557924,17.390807,0
              101.3558511,17.390822,0
              101.3560302,17.3909545,0
              101.3561059,17.3909667,0
              101.3561817,17.390943,0
              101.3570427,17.3904131,0
              101.3571051,17.3905448,0
              101.3571569,17.3906201,0
              101.3572099,17.3906827,0
              101.3572683,17.3906941,0
              101.3574135,17.3906883,0
              101.3571245,17.3902775,0
              101.3569676,17.3900471,0
              101.3566242,17.3902659,0
              101.3565377,17.3902643,0
              101.3564378,17.3903497,0
              101.3563345,17.3904336,0
              101.3562953,17.3904473,0
              101.3562292,17.3904457,0
              101.3561669,17.3904093,0
              101.3560871,17.3903856,0
              101.3560341,17.390361,0
              101.3559383,17.390408,0
              101.355945,17.390497,0
              101.355923,17.390282,0
              101.355258,17.389739,0
            </coordinates>
          </LinearRing>
        </outerBoundaryIs>
      </Polygon>
    </Placemark>
    <Placemark>
      <name>FMU12-3</name>
      <styleUrl>#poly-7CB342-2801-77-nodesc</styleUrl>
      <Polygon>
        <outerBoundaryIs>
          <LinearRing>
            <tessellate>1</tessellate>
            <coordinates>
              101.35666,17.389452,0
              101.357304,17.389043,0
              101.357904,17.389964,0
              101.3573503,17.389998,0
              101.3572564,17.3900108,0
              101.3572096,17.3900688,0
              101.3571413,17.3901677,0
              101.3573588687932,17.390484064804298,0
              101.357014,17.389995,0
              101.35666,17.389452,0
            </coordinates>
          </LinearRing>
        </outerBoundaryIs>
      </Polygon>
    </Placemark>
    <Placemark>
      <name>FMU12-3</name>
      <styleUrl>#poly-7CB342-2801-77-nodesc</styleUrl>
      <Polygon>
        <outerBoundaryIs>
          <LinearRing>
            <tessellate>1</tessellate>
            <coordinates>
              101.35736135528211,17.390487590940133,0
              101.3577207,17.3904287,0
              101.3577851,17.3904352,0
              101.3578333,17.3904723,0
              101.3579862,17.3907974,0
              101.358001,17.3908364,0
              101.3580479,17.3908499,0
              101.3582035,17.3908921,0
              101.3582947,17.3909317,0
              101.3583255,17.3909618,0
              101.3583349,17.3910175,0
              101.3581847,17.3916497,0
              101.358595,17.392237,0
              101.358162,17.391623,0
              101.35736135528211,17.390487590940133,0
            </coordinates>
          </LinearRing>
        </outerBoundaryIs>
      </Polygon>
    </Placemark>
    <Placemark>
      <name>FMU12-3</name>
      <styleUrl>#poly-7CB342-2801-77-nodesc</styleUrl>
      <Polygon>
        <outerBoundaryIs>
          <LinearRing>
            <tessellate>1</tessellate>
            <coordinates>
              101.358595,17.392237,0
              101.3588526,17.3919952,0
              101.3587426,17.3918135,0
              101.3587104,17.3917418,0
              101.3587211,17.3916599,0
              101.3587319,17.3915217,0
              101.3587641,17.391363,0
              101.3588257,17.3912478,0
              101.3588338,17.3911583,0
              101.3588338,17.3910482,0
              101.358815,17.3909663,0
              101.3588392,17.390741,0
              101.3588392,17.3906719,0
              101.35881291953235,17.390616896642054,0
              101.359428,17.390415,0
              101.359771,17.391009,0
              101.359632,17.391234,0
              101.359846,17.391602,0
              101.359235,17.391899,0
              101.358891,17.391971,0
              101.358595,17.392237,0
            </coordinates>
          </LinearRing>
        </outerBoundaryIs>
      </Polygon>
    </Placemark>
    <Placemark>
      <name>FMU13-1</name>
      <styleUrl>#poly-7CB342-2801-77-nodesc</styleUrl>
      <Polygon>
        <outerBoundaryIs>
          <LinearRing>
            <tessellate>1</tessellate>
            <coordinates>
              101.355268,17.397037,0
              101.3559951,17.3972161,0
              101.3560166,17.3968373,0
              101.3558932,17.3967298,0
              101.3554855,17.3965046,0
              101.3555553,17.3962793,0
              101.3557994,17.3961897,0
              101.35538,17.395481,0
              101.35597,17.396469,0
              101.356738,17.396392,0
              101.3567673647599,17.394760528486703,0
              101.3570513,17.3951986,0
              101.3574965,17.3950297,0
              101.3575234,17.3949375,0
              101.358151,17.3946713,0
              101.35904,17.394454,0
              101.358808,17.394744,0
              101.358518,17.395164,0
              101.358304,17.395624,0
              101.358143,17.396136,0
              101.357896,17.396546,0
              101.357703,17.397078,0
              101.357542,17.397652,0
              101.356115,17.397252,0
              101.355268,17.397037,0
            </coordinates>
          </LinearRing>
        </outerBoundaryIs>
      </Polygon>
    </Placemark>
    <Placemark>
      <name>FMU13-1</name>
      <styleUrl>#poly-7CB342-2801-77-nodesc</styleUrl>
      <Polygon>
        <outerBoundaryIs>
          <LinearRing>
            <tessellate>1</tessellate>
            <coordinates>
              101.357218,17.394398,0
              101.357259,17.394433,0
              101.35756,17.394874,0
              101.357218,17.394398,0
            </coordinates>
          </LinearRing>
        </outerBoundaryIs>
      </Polygon>
    </Placemark>
    <Placemark>
      <name>FMU13-2</name>
      <styleUrl>#poly-7CB342-2801-77-nodesc</styleUrl>
      <Polygon>
        <outerBoundaryIs>
          <LinearRing>
            <tessellate>1</tessellate>
            <coordinates>
              101.35493,17.395384,0
              101.3551775,17.3954091,0
              101.3550032,17.395102,0
              101.3552419,17.3948128,0
              101.355126,17.394838,0
              101.356743,17.394462,0
              101.3567,17.396356,0
              101.356003,17.396418,0
              101.355423,17.395435,0
              101.35493,17.395384,0
            </coordinates>
          </LinearRing>
        </outerBoundaryIs>
      </Polygon>
    </Placemark>
    <Placemark>
      <name>FMU13-3</name>
      <styleUrl>#poly-7CB342-2801-77-nodesc</styleUrl>
      <Polygon>
        <outerBoundaryIs>
          <LinearRing>
            <tessellate>1</tessellate>
            <coordinates>
              101.353162,17.39448,0
              101.353302,17.394249,0
              101.353441,17.393988,0
              101.353827,17.393548,0
              101.354289,17.393343,0
              101.355072,17.392893,0
              101.355716,17.392002,0
              101.3551983,17.3927337,0
              101.3564214,17.3936859,0
              101.3561585,17.3939188,0
              101.3556113,17.3935067,0
              101.3559653,17.3939469,0
              101.3559855,17.3939716,0
              101.3560163,17.3940013,0
              101.3560606,17.3940132,0
              101.3561263,17.3940046,0
              101.3562094,17.3940398,0
              101.3562832,17.3940753,0
              101.3563623,17.3941364,0
              101.3565716,17.3944896,0
              101.357218,17.394346,0
              101.355147,17.394807,0
              101.354428,17.395124,0
              101.354428,17.395124,0
              101.3550509,17.3948132,0
              101.3554425,17.3944651,0
              101.355067,17.39403,0
              101.3548632,17.3940812,0
              101.3547666,17.3939174,0
              101.3547022,17.3937228,0
              101.3546164,17.3938764,0
              101.3546593,17.3940095,0
              101.3547559,17.394117,0
              101.3547827,17.3941784,0
              101.3546057,17.3945265,0
              101.3546915,17.3946494,0
              101.354428,17.395124,0
              101.354428,17.395124,0
              101.353784,17.395002,0
              101.353162,17.39448,0
            </coordinates>
          </LinearRing>
        </outerBoundaryIs>
      </Polygon>
    </Placemark>
    <Placemark>
      <name>FMU13-3</name>
      <styleUrl>#poly-7CB342-2801-77-nodesc</styleUrl>
      <Polygon>
        <outerBoundaryIs>
          <LinearRing>
            <tessellate>1</tessellate>
            <coordinates>
              101.35705,17.393363,0
              101.35713086311642,17.393924340471024,0
              101.357113,17.3938379,0
              101.35705,17.393363,0
            </coordinates>
          </LinearRing>
        </outerBoundaryIs>
      </Polygon>
    </Placemark>
    <Placemark>
      <name>FMU14-1</name>
      <styleUrl>#poly-7CB342-2801-77-nodesc</styleUrl>
      <Polygon>
        <outerBoundaryIs>
          <LinearRing>
            <tessellate>1</tessellate>
            <coordinates>
              101.3512913,17.3994505,0
              101.3513182,17.3993788,0
              101.3514415,17.3993174,0
              101.3513986,17.3990768,0
              101.3517634,17.3989642,0
              101.35186,17.3993021,0
              101.351978,17.399384,0
              101.3521281,17.3993839,0
              101.3523052,17.3993276,0
              101.3523629,17.3992476,0
              101.3523696,17.3991805,0
              101.3523374,17.3989028,0
              101.3528148,17.3987543,0
              101.352671,17.398338,0
              101.352853,17.398809,0
              101.353293,17.399864,0
              101.353078,17.399904,0
              101.352896,17.399874,0
              101.352714,17.399884,0
              101.352102,17.40012,0
              101.351877,17.399782,0
              101.351609,17.399618,0
              101.351416,17.399638,0
              101.35130663849657,17.399601693751897,0
              101.3512913,17.3994505,0
            </coordinates>
          </LinearRing>
        </outerBoundaryIs>
      </Polygon>
    </Placemark>
    <Placemark>
      <name>FMU14-2</name>
      <styleUrl>#poly-7CB342-2801-77-nodesc</styleUrl>
      <Polygon>
        <outerBoundaryIs>
          <LinearRing>
            <tessellate>1</tessellate>
            <coordinates>
              101.35236,17.397606,0
              101.353937,17.396613,0
              101.3528705,17.3972872,0
              101.3530609,17.3973474,0
              101.3532245,17.3974332,0
              101.3532781,17.3975061,0
              101.35327,17.3976072,0
              101.3532459,17.397922,0
              101.353203,17.398224,0
              101.3530796,17.3983469,0
              101.3526934,17.397579,0
              101.35236,17.397606,0
            </coordinates>
          </LinearRing>
        </outerBoundaryIs>
      </Polygon>
    </Placemark>
    <Placemark>
      <name>FMU14-2</name>
      <styleUrl>#poly-7CB342-2801-77-nodesc</styleUrl>
      <Polygon>
        <outerBoundaryIs>
          <LinearRing>
            <tessellate>1</tessellate>
            <coordinates>
              101.35236,17.397606,0
              101.3527578,17.3983366,0
              101.35287880381495,17.398670933896938,0
              101.352724,17.398292,0
              101.35236,17.397606,0
            </coordinates>
          </LinearRing>
        </outerBoundaryIs>
      </Polygon>
    </Placemark>
    <Placemark>
      <name>FMU14-2</name>
      <styleUrl>#poly-7CB342-2801-77-nodesc</styleUrl>
      <Polygon>
        <outerBoundaryIs>
          <LinearRing>
            <tessellate>1</tessellate>
            <coordinates>
              101.352808,17.395288,0
              101.353817,17.395032,0
              101.354412,17.395191,0
              101.3541973,17.3955154,0
              101.3539023,17.3959044,0
              101.3537253,17.3961245,0
              101.35361486234719,17.39623493765281,0
              101.352808,17.395288,0
            </coordinates>
          </LinearRing>
        </outerBoundaryIs>
      </Polygon>
    </Placemark>
    <Placemark>
      <name>FMU14-2</name>
      <styleUrl>#poly-7CB342-2801-77-nodesc</styleUrl>
      <Polygon>
        <outerBoundaryIs>
          <LinearRing>
            <tessellate>1</tessellate>
            <coordinates>
              101.35297889534247,17.39891594124764,0
              101.3532996,17.3992171,0
              101.3535195,17.3992018,0
              101.3537716,17.3993195,0
              101.3538628,17.3994782,0
              101.353905,17.3995,0
              101.353347,17.399817,0
              101.35297889534247,17.39891594124764,0
            </coordinates>
          </LinearRing>
        </outerBoundaryIs>
      </Polygon>
    </Placemark>
    <Placemark>
      <name>FMU14-2</name>
      <styleUrl>#poly-7CB342-2801-77-nodesc</styleUrl>
      <Polygon>
        <outerBoundaryIs>
          <LinearRing>
            <tessellate>1</tessellate>
            <coordinates>
              101.353683,17.3982462,0
              101.353801,17.3981643,0
              101.35386,17.3979289,0
              101.3540746,17.3978572,0
              101.354257,17.3978981,0
              101.3545037,17.3981336,0
              101.3549275,17.3979596,0
              101.355471,17.396306,0
              101.354693,17.398712,0
              101.354548,17.398886,0
              101.354323,17.399126,0
              101.353905,17.3995,0
              101.354198,17.3992291,0
              101.3542248,17.3990704,0
              101.3542301,17.3989424,0
              101.3540263,17.398968,0
              101.3538868,17.3989526,0
              101.3537205,17.3988605,0
              101.353683,17.3982462,0
            </coordinates>
          </LinearRing>
        </outerBoundaryIs>
      </Polygon>
    </Placemark>
    <Placemark>
      <name>FMU14-2</name>
      <styleUrl>#poly-7CB342-2801-77-nodesc</styleUrl>
      <Polygon>
        <outerBoundaryIs>
          <LinearRing>
            <tessellate>1</tessellate>
            <coordinates>
              101.3548,17.396065,0
              101.354945,17.396106,0
              101.355471,17.396306,0
              101.3548,17.396065,0
            </coordinates>
          </LinearRing>
        </outerBoundaryIs>
      </Polygon>
    </Placemark>
    <Placemark>
      <name>FMU14-3</name>
      <styleUrl>#poly-7CB342-2801-77-nodesc</styleUrl>
      <Polygon>
        <outerBoundaryIs>
          <LinearRing>
            <tessellate>1</tessellate>
            <coordinates>
              101.354238,17.399274,0
              101.35460273079678,17.398877043992247,0
              101.354755,17.3989522,0
              101.3548247,17.3987679,0
              101.3548971,17.3986527,0
              101.3551976,17.3981408,0
              101.3552227,17.3981158,0
              101.3552532,17.3981011,0
              101.3552864,17.3981145,0
              101.3553089,17.3981433,0
              101.3552941,17.3982457,0
              101.3551949,17.3987935,0
              101.3553022,17.3989163,0
              101.3554148,17.3989726,0
              101.355506,17.3990801,0
              101.3555167,17.3993821,0
              101.3553343,17.3996483,0
              101.3552297,17.3996688,0
              101.3551707,17.3996509,0
              101.355097,17.3995728,0
              101.3550259,17.3994743,0
              101.3549789,17.3994052,0
              101.354932,17.3993668,0
              101.3548515,17.3994692,0
              101.35474445072408,17.399627052322106,0
              101.354238,17.399274,0
            </coordinates>
          </LinearRing>
        </outerBoundaryIs>
      </Polygon>
    </Placemark>
    <Placemark>
      <name>FMU14-3</name>
      <styleUrl>#poly-7CB342-2801-77-nodesc</styleUrl>
      <Polygon>
        <outerBoundaryIs>
          <LinearRing>
            <tessellate>1</tessellate>
            <coordinates>
              101.354736,17.398732,0
              101.354924,17.398148,0
              101.355278,17.397073,0
              101.354736,17.398732,0
            </coordinates>
          </LinearRing>
        </outerBoundaryIs>
      </Polygon>
    </Placemark>
    <Placemark>
      <name>FMU14-3</name>
      <styleUrl>#poly-7CB342-2801-77-nodesc</styleUrl>
      <Polygon>
        <outerBoundaryIs>
          <LinearRing>
            <tessellate>1</tessellate>
            <coordinates>
              101.355278,17.397073,0
              101.35707,17.397554,0
              101.3567613,17.3974779,0
              101.3560424,17.3975137,0
              101.3559673,17.3972731,0
              101.355278,17.397073,0
            </coordinates>
          </LinearRing>
        </outerBoundaryIs>
      </Polygon>
    </Placemark>
    <Placemark>
      <name>FMU14-3</name>
      <styleUrl>#poly-7CB342-2801-77-nodesc</styleUrl>
      <Polygon>
        <outerBoundaryIs>
          <LinearRing>
            <tessellate>1</tessellate>
            <coordinates>
              101.355311,17.400022,0
              101.3554447,17.4000062,0
              101.3557074,17.39986,0
              101.3559045,17.3998693,0
              101.3563429,17.3995152,0
              101.356249,17.3994129,0
              101.3562262,17.3993399,0
              101.3562811,17.399267,0
              101.3565521,17.3990955,0
              101.356544,17.399059,0
              101.356652,17.399315,0
              101.356223,17.399622,0
              101.355794,17.399981,0
              101.355493,17.400083,0
              101.355311,17.400022,0
            </coordinates>
          </LinearRing>
        </outerBoundaryIs>
      </Polygon>
    </Placemark>
    <Placemark>
      <name>FMU15-1</name>
      <styleUrl>#poly-7CB342-2801-77-nodesc</styleUrl>
      <Polygon>
        <outerBoundaryIs>
          <LinearRing>
            <tessellate>1</tessellate>
            <coordinates>
              101.350351,17.392176,0
              101.351606,17.392084,0
              101.351628,17.392596,0
              101.351016,17.393015,0
              101.35060122990771,17.392782796053808,0
              101.3506651,17.3926878,0
              101.350767,17.3926673,0
              101.3509387,17.3924113,0
              101.3504988,17.3924958,0
              101.3503995,17.3921759,0
              101.350351,17.392176,0
            </coordinates>
          </LinearRing>
        </outerBoundaryIs>
      </Polygon>
    </Placemark>
    <Placemark>
      <name>FMU15-2</name>
      <styleUrl>#poly-7CB342-2801-77-nodesc</styleUrl>
      <Polygon>
        <outerBoundaryIs>
          <LinearRing>
            <tessellate>1</tessellate>
            <coordinates>
              101.35007200432194,17.393371438942353,0
              101.3505253,17.3927913,0
              101.350485,17.392759,0
              101.351016,17.393051,0
              101.351682,17.39259,0
              101.351671,17.392089,0
              101.352245,17.391992,0
              101.352336,17.392544,0
              101.352497,17.393077,0
              101.353704,17.393589,0
              101.353377,17.393978,0
              101.353141,17.39448,0
              101.353763,17.395002,0
              101.352754,17.395258,0
              101.3521,17.394592,0
              101.350898,17.395114,0
              101.35007200432194,17.393371438942353,0
            </coordinates>
          </LinearRing>
        </outerBoundaryIs>
      </Polygon>
    </Placemark>
    <Placemark>
      <name>FMU15-3</name>
      <styleUrl>#poly-7CB342-2801-77-nodesc</styleUrl>
      <Polygon>
        <outerBoundaryIs>
          <LinearRing>
            <tessellate>1</tessellate>
            <coordinates>
              101.352272,17.391981,0
              101.35249648839952,17.391960714903657,0
              101.3524044,17.391974,0
              101.3525358,17.3920431,0
              101.3526216,17.3921224,0
              101.3527423,17.3920456,0
              101.3528925,17.3921608,0
              101.3530481,17.3923425,0
              101.3533297,17.3926497,0
              101.3535604,17.3929748,0
              101.3536221,17.3931079,0
              101.353602,17.392995,0
              101.353752,17.393578,0
              101.352529,17.393056,0
              101.352368,17.392596,0
              101.352272,17.391981,0
            </coordinates>
          </LinearRing>
        </outerBoundaryIs>
      </Polygon>
    </Placemark>
    <Placemark>
      <name>FMU15-3</name>
      <styleUrl>#poly-7CB342-2801-77-nodesc</styleUrl>
      <Polygon>
        <outerBoundaryIs>
          <LinearRing>
            <tessellate>1</tessellate>
            <coordinates>
              101.352851,17.391848,0
              101.353205,17.39234,0
              101.353398,17.392626,0
              101.352851,17.391848,0
            </coordinates>
          </LinearRing>
        </outerBoundaryIs>
      </Polygon>
    </Placemark>
    <Placemark>
      <name>FMU15-4</name>
      <styleUrl>#poly-7CB342-2801-77-nodesc</styleUrl>
      <Polygon>
        <outerBoundaryIs>
          <LinearRing>
            <tessellate>1</tessellate>
            <coordinates>
              101.349917,17.394003,0
              101.349981,17.393553,0
              101.34997,17.393225,0
              101.350882,17.39515,0
              101.3507589,17.3951475,0
              101.35065,17.3952117,0
              101.350568,17.395258,0
              101.3504682,17.3952763,0
              101.3504133,17.3952136,0
              101.3503583,17.3951816,0
              101.3503234,17.3950972,0
              101.350318,17.3949641,0
              101.350318,17.3948834,0
              101.3502805,17.3948156,0
              101.3502483,17.3947567,0
              101.3502644,17.3946595,0
              101.3503341,17.394552,0
              101.3504092,17.3945315,0
              101.3505058,17.3945059,0
              101.3505487,17.3944905,0
              101.3504429,17.3942739,0
              101.3499457,17.3940688,0
              101.349981,17.39431,0
              101.349917,17.394003,0
            </coordinates>
          </LinearRing>
        </outerBoundaryIs>
      </Polygon>
    </Placemark>
    <Placemark>
      <name>FMU15-4</name>
      <styleUrl>#poly-7CB342-2801-77-nodesc</styleUrl>
      <Polygon>
        <outerBoundaryIs>
          <LinearRing>
            <tessellate>1</tessellate>
            <coordinates>
              101.349981,17.39431,0
              101.3499974,17.3945018,0
              101.34998822287005,17.394666547130853,0
              101.349981,17.39431,0
            </coordinates>
          </LinearRing>
        </outerBoundaryIs>
      </Polygon>
    </Placemark>
    <Placemark>
      <name>FMU15-4</name>
      <styleUrl>#poly-7CB342-2801-77-nodesc</styleUrl>
      <Polygon>
        <outerBoundaryIs>
          <LinearRing>
            <tessellate>1</tessellate>
            <coordinates>
              101.3499900365653,17.39475607772339,0
              101.3499985226261,17.394944932107364,0
              101.349992,17.394853,0
              101.3499900365653,17.39475607772339,0
            </coordinates>
          </LinearRing>
        </outerBoundaryIs>
      </Polygon>
    </Placemark>
    <Placemark>
      <name>FMU15-4</name>
      <styleUrl>#poly-7CB342-2801-77-nodesc</styleUrl>
      <Polygon>
        <outerBoundaryIs>
          <LinearRing>
            <tessellate>1</tessellate>
            <coordinates>
              101.3505164,17.3954606,0
              101.3505728,17.39538,0
              101.3506653,17.3952961,0
              101.3508118,17.3952457,0
              101.3509012,17.395264,0
              101.3510495,17.3952158,0
              101.351014,17.3951112,0
              101.350882,17.39515,0
              101.352084,17.394628,0
              101.351719,17.396368,0
              101.3514447430007,17.396414251315075,0
              101.3515572,17.3963897,0
              101.3514231,17.3962003,0
              101.3513909,17.3961133,0
              101.3513856,17.396057,0
              101.3513373,17.3959673,0
              101.3512702,17.3958753,0
              101.3511307,17.3958164,0
              101.3509349,17.3957857,0
              101.3508008,17.3957549,0
              101.3506345,17.3956833,0
              101.3505755,17.3956423,0
              101.3505165,17.3955707,0
              101.3505164,17.3954606,0
            </coordinates>
          </LinearRing>
        </outerBoundaryIs>
      </Polygon>
    </Placemark>
    <Placemark>
      <name>FMU15-5</name>
      <styleUrl>#poly-7CB342-2801-77-nodesc</styleUrl>
      <Polygon>
        <outerBoundaryIs>
          <LinearRing>
            <tessellate>1</tessellate>
            <coordinates>
              101.34989,17.396722,0
              101.351757,17.396404,0
              101.3521,17.394623,0
              101.352754,17.395288,0
              101.35358360851829,17.39626163267204,0
              101.3535235,17.3962831,0
              101.3534725,17.3962934,0
              101.3534162,17.3963164,0
              101.3533277,17.3963343,0
              101.3532606,17.3963497,0
              101.3531855,17.3963445,0
              101.3531292,17.3963317,0
              101.3530461,17.3963241,0
              101.3529871,17.3963471,0
              101.3529334,17.3963855,0
              101.3529039,17.3964444,0
              101.3528824,17.3965365,0
              101.3528556,17.3966363,0
              101.3528181,17.3967285,0
              101.352802,17.3968104,0
              101.3528154,17.3969076,0
              101.3528315,17.396987,0
              101.3528583,17.3970791,0
              101.3528905,17.3971252,0
              101.3529602,17.3971943,0
              101.353883,17.396613,0
              101.35148,17.398138,0
              101.3521686,17.39768,0
              101.3519808,17.3975622,0
              101.3519379,17.3974803,0
              101.3519379,17.3972833,0
              101.3520881,17.3971834,0
              101.3520345,17.3970887,0
              101.3519433,17.3970657,0
              101.3517877,17.3968865,0
              101.3514685,17.396779,0
              101.3514108,17.3967534,0
              101.3513914,17.3967112,0
              101.351388,17.3966536,0
              101.35138,17.396477,0
              101.34989,17.396722,0
            </coordinates>
          </LinearRing>
        </outerBoundaryIs>
      </Polygon>
    </Placemark>
</Document>
</kml>
